-- phpMyAdmin SQL Dump
-- version 4.8.1
-- https://www.phpmyadmin.net/
--
-- Máy chủ: 127.0.0.1
-- Thời gian đã tạo: Th7 20, 2018 lúc 12:25 PM
-- Phiên bản máy phục vụ: 10.1.33-MariaDB
-- Phiên bản PHP: 7.2.6

SET SQL_MODE = "NO_AUTO_VALUE_ON_ZERO";
SET AUTOCOMMIT = 0;
START TRANSACTION;
SET time_zone = "+00:00";


/*!40101 SET @OLD_CHARACTER_SET_CLIENT=@@CHARACTER_SET_CLIENT */;
/*!40101 SET @OLD_CHARACTER_SET_RESULTS=@@CHARACTER_SET_RESULTS */;
/*!40101 SET @OLD_COLLATION_CONNECTION=@@COLLATION_CONNECTION */;
/*!40101 SET NAMES utf8mb4 */;

--
-- Cơ sở dữ liệu: `shareit`
--

-- --------------------------------------------------------

--
-- Cấu trúc bảng cho bảng `cat_list`
--

CREATE TABLE `cat_list` (
  `cat_id` int(11) NOT NULL,
  `name` varchar(128) COLLATE utf8_unicode_ci NOT NULL,
  `parent_id` int(11) NOT NULL,
  `color` varchar(128) COLLATE utf8_unicode_ci NOT NULL
) ENGINE=InnoDB DEFAULT CHARSET=utf8 COLLATE=utf8_unicode_ci;

--
-- Đang đổ dữ liệu cho bảng `cat_list`
--

INSERT INTO `cat_list` (`cat_id`, `name`, `parent_id`, `color`) VALUES
(1, 'Tâm sự coder', 0, 'gren'),
(2, 'Công nghệ', 0, 'pink'),
(3, 'Lập trình', 0, 'gren'),
(4, 'Java', 1, 'orn'),
(5, 'Android', 2, 'blue'),
(11, 'CSS', 3, 'orn'),
(12, 'PHP', 3, 'pink');

-- --------------------------------------------------------

--
-- Cấu trúc bảng cho bảng `comment`
--

CREATE TABLE `comment` (
  `comment_id` int(11) NOT NULL,
  `content` varchar(200) COLLATE utf8_unicode_ci NOT NULL,
  `email` varchar(128) COLLATE utf8_unicode_ci NOT NULL,
  `date_create` timestamp NOT NULL DEFAULT CURRENT_TIMESTAMP ON UPDATE CURRENT_TIMESTAMP,
  `news_id` int(11) NOT NULL,
  `status` int(11) NOT NULL
) ENGINE=InnoDB DEFAULT CHARSET=utf8 COLLATE=utf8_unicode_ci;

--
-- Đang đổ dữ liệu cho bảng `comment`
--

INSERT INTO `comment` (`comment_id`, `content`, `email`, `date_create`, `news_id`, `status`) VALUES
(15, 'đừng để bị lựa nha', 'nhatquan160697@gmail.com', '2018-07-19 08:48:18', 7, 1),
(23, 'co the chu hihi', 'tu hao vcl', '2018-07-20 05:20:52', 7, 1),
(25, 'comment mois', 'nhatquan124@gmail.com', '2018-07-19 08:48:23', 9, 1),
(26, 'ua hoi nay co bl roi ', 'sao gio mat roi', '2018-07-19 08:48:24', 10, 1),
(28, 'haizz', 'ma sia gon', '2018-07-19 08:48:27', 7, 1),
(29, 'chan vay', 'vllvllv', '2018-07-19 08:48:28', 7, 1),
(30, 'xzcxzc', 'xczxc', '2018-07-19 08:48:29', 7, 1),
(31, 'zxcxzc', 'fqfqdq', '2018-07-19 09:02:49', 7, 1),
(32, 'zzzzz', 'ggggg', '2018-07-19 08:48:34', 10, 1),
(33, 'hay quá thêm tin mới nha', 'nhatquan160697@gmail.com', '2018-07-19 08:48:36', 4, 1),
(34, 'test', 'test', '2018-07-19 09:01:38', 7, 1),
(35, 'Bài viêt hay nha', 'chao@gmail.com', '2018-07-19 09:33:43', 6, 1),
(39, 'xin chào', 'testban@gmail.com', '2018-07-20 05:07:50', 9, 1),
(40, 'hiii', 'heeee@gmail.com', '2018-07-20 10:02:39', 10, 1);

-- --------------------------------------------------------

--
-- Cấu trúc bảng cho bảng `contact`
--

CREATE TABLE `contact` (
  `contact_id` int(11) NOT NULL,
  `name` varchar(128) COLLATE utf8_unicode_ci NOT NULL,
  `email` varchar(128) COLLATE utf8_unicode_ci NOT NULL,
  `phone` varchar(128) COLLATE utf8_unicode_ci NOT NULL,
  `content` varchar(128) COLLATE utf8_unicode_ci NOT NULL
) ENGINE=InnoDB DEFAULT CHARSET=utf8 COLLATE=utf8_unicode_ci;

--
-- Đang đổ dữ liệu cho bảng `contact`
--

INSERT INTO `contact` (`contact_id`, `name`, `email`, `phone`, `content`) VALUES
(2, 'Tôn Quân', 'tonquan230497@gmail.com', '01264236535', 'Xin chào bạn');

-- --------------------------------------------------------

--
-- Cấu trúc bảng cho bảng `news`
--

CREATE TABLE `news` (
  `news_id` int(11) NOT NULL,
  `name` varchar(200) COLLATE utf8_unicode_ci NOT NULL,
  `preview` varchar(200) COLLATE utf8_unicode_ci NOT NULL,
  `detail` text COLLATE utf8_unicode_ci NOT NULL,
  `date_create` timestamp NOT NULL DEFAULT CURRENT_TIMESTAMP,
  `user_id` int(11) NOT NULL,
  `picture` varchar(128) COLLATE utf8_unicode_ci NOT NULL,
  `cat_id` int(11) NOT NULL,
  `is_slide` int(11) NOT NULL,
  `counter` int(11) NOT NULL
) ENGINE=InnoDB DEFAULT CHARSET=utf8 COLLATE=utf8_unicode_ci;

--
-- Đang đổ dữ liệu cho bảng `news`
--

INSERT INTO `news` (`news_id`, `name`, `preview`, `detail`, `date_create`, `user_id`, `picture`, `cat_id`, `is_slide`, `counter`) VALUES
(1, 'Rò rỉ thông số kỹ thuật của Huawei Nova 3i sử dụng Kirin 710', 'Huawei chuẩn bị ra mắt Nova 3i, đây là phiên bản rút gọn cấu hình phần cứng so với Nova 3 vừa ra mắt vào ngày hôm qua (11/07). Thông số kỹ thuật của máy vừa được GSMarena tiết lộ.', '<h1>R&ograve; rỉ th&ocirc;ng số kỹ thuật của Huawei Nova 3i sử dụng Kirin 710</h1>\r\n\r\n<h2>Huawei chuẩn bị ra mắt <a href=\"https://www.thegioididong.com/dtdd/huawei-nova-3i\" target=\"_blank\">Nova 3i</a>, đ&acirc;y l&agrave; phi&ecirc;n bản r&uacute;t gọn cấu h&igrave;nh phần cứng so với Nova 3 vừa ra mắt v&agrave;o ng&agrave;y h&ocirc;m qua (11/07). Th&ocirc;ng số kỹ thuật của m&aacute;y vừa được <a href=\"https://www.gsmarena.com/huawei_nova_3i_leaked_specs_kirin_710_chipset-news-32186.php\" target=\"_blank\">GSMarena</a> tiết lộ.</h2>\r\n\r\n<p>Huawei Nova 3i c&oacute; thiết kế tương tự như <a href=\"https://www.thegioididong.com/dtdd/huawei-nova-3\" target=\"_blank\">Nova 3</a> với phần &quot;tai thỏ&quot;, cụm camera k&eacute;p xếp dọc v&agrave; c&aacute;ch bố tr&iacute; cảm biến v&acirc;n tay ở mặt lưng. M&aacute;y sử dụng vi xử l&yacute; Kirin 710 mới nhất được sản xuất tiến tr&igrave;nh 12 nm. Vi xử l&yacute; n&agrave;y cũng hỗ trợ tr&iacute; th&ocirc;ng minh nh&acirc;n tạo AI tương tự như Kirin 970.</p>\r\n\r\n<p><img alt=\"Rò rỉ thông số kỹ thuật của Huawei Nova 3i sử dụng Kirin 710\" src=\"https://cdn.tgdd.vn/Files/2018/07/12/1101026/gsmarena_002_728x455.jpg\" /></p>\r\n\r\n<p>M&aacute;y&nbsp;được trang bị camera k&eacute;p ph&iacute;a sau (16 MP + 2 MP) với t&iacute;nh năng ch&iacute;nh tạo ảnh x&oacute;a ph&ocirc;ng c&oacute; t&iacute;ch hợp AI v&agrave; cụm camera k&eacute;p selfie (24 MP + 2 MP). Vi&ecirc;n pin dung lượng 3.340 mAh hỗ trợ sạc nhanh với nguồn ra 5V/2A.</p>\r\n\r\n<p><img alt=\"Rò rỉ thông số kỹ thuật của Huawei Nova 3i sử dụng Kirin 710\" src=\"https://cdn.tgdd.vn/Files/2018/07/12/1101026/gsmarena_003_728x454.jpg\" /></p>\r\n\r\n<p>Huawei Nova 3i c&oacute; 2 lựa chọn phi&ecirc;n bản bộ nhớ bao gồm: RAM 4 GB + ROM 128 GB v&agrave; RAM 6 GB + ROM 64 GB. Ngo&agrave;i ra m&aacute;y c&ograve;n hỗ trợ khe cắm thẻ nhớ, gi&uacute;p bạn mở rộng bộ nhớ lưu trữ dễ d&agrave;ng.</p>\r\n\r\n<p>Gi&aacute; Nova 3i vẫn chưa được tiết lộ, nhưng khả năng thiết bị sẽ thuộc ph&acirc;n kh&uacute;c tầm trung nhằm gi&uacute;p Huawei trải d&agrave;i mọi sản phẩm ở nhiều ph&acirc;n kh&uacute;c để cạnh tranh tốt hơn.</p>\r\n', '2018-04-09 05:55:47', 1, 'HinhAnh-1531463552.jpg', 2, 1, 18),
(2, '3 điện thoại Sony đang giảm giá cuối tuần đến 3 triệu kèm quà tặng', 'Bắt đầu từ hôm nay (12/7), bạn đã có thể đặt mua trước Xperia L1, Xperia XA1 Plus & Xperia XZ2 để được hưởng giá khuyến mãi - giảm lần lượt 600K, 500K và 3 triệu đồng bên cạnh một số món quà kèm khuyế', '<p><em>*Lưu &yacute;: Khuyến m&atilde;i n&agrave;y d&agrave;nh cho c&aacute;c đơn h&agrave;ng đặt ONLINE v&agrave; nhận m&aacute;y trong ng&agrave;y 13 - 15/7/2018, được &aacute;p dụng k&egrave;m c&aacute;c khuyến m&atilde;i kh&aacute;c như:</em></p>\r\n\r\n<ul>\r\n	<li><em>20 chuyến du lịch Nhật Bản trị gi&aacute; 100 triệu cho 2 người (<a href=\"https://www.thegioididong.com/tin-tuc/mua-sony-vi-vu-kham-pha-nhat-ban-1086270?clearcache=1\" target=\"_blank\">Xem chi tiết</a>)</em></li>\r\n	<li><em>Cơ hội tr&uacute;ng 3 Tivi Sony 4K 55 inch (<a href=\"https://www.thegioididong.com/tin-tuc/mua-dien-thoai-may-tinh-bang-trung-tivi-55-inch-1095503\" target=\"_blank\">Xem chi tiết</a>)</em></li>\r\n</ul>\r\n\r\n<h3><strong>1. Xperia L1 (Trắng hoặc Hồng - Gi&aacute; tham khảo: 3.59 triệu)</strong></h3>\r\n\r\n<p><a href=\"https://www.thegioididong.com/dtdd/sony-xperia-l1-trang\" target=\"_blank\">Sony Xperia L1</a> được trang bị m&agrave;n h&igrave;nh 5.5 inch HD, chip MediTek&nbsp;MT6737T4,&nbsp;RAM 2 GB, bộ nhớ trong 16 GB, vi&ecirc;n pin 2.620 mAh,... Dĩ nhi&ecirc;n l&agrave; kh&oacute; để cạnh tranh với những c&aacute;i t&ecirc;n đến từ Trung Quốc.</p>\r\n\r\n<p><img alt=\"Xperia L1\" src=\"https://cdn.tgdd.vn/Files/2018/07/12/1100982/topsony2_800x449.jpg\" /></p>\r\n\r\n<p>Giảm 600.000 đồng + B&igrave;nh giữ nhiệt inox DMX-002 500 ml (<a href=\"https://www.dienmayxanh.com/binh-giu-nhiet/binh-giu-nhiet-500ml-dmx-002\" target=\"_blank\">Xem chi tiết</a>)</p>\r\n\r\n<p>Tuy nhi&ecirc;n b&ugrave; lại, chiếc smartphone n&agrave;y c&oacute; một thương hiệu kh&aacute; uy t&iacute;n, sở hữu thiết kế đẹp, mức gi&aacute; phải chăng v&agrave; một cấu h&igrave;nh đủ d&ugrave;ng n&ecirc;n n&oacute; vẫn được rất nhiều người chọn mua v&agrave; đ&aacute;nh gi&aacute; đến 5 sao tr&ecirc;n trang Thế Giới Di Động.</p>\r\n\r\n<p><a href=\"https://www.thegioididong.com/dtdd/sony-xperia-l1-trang\"><img src=\"https://cdn1.tgdd.vn/Products/Images/42/133496/sony-xperia-l1-trang-hh1-600x600-600x600-400x400.jpg\" /></a></p>\r\n\r\n<h3><a href=\"https://www.thegioididong.com/dtdd/sony-xperia-l1-trang\">Sony Xperia L1</a></h3>\r\n\r\n<p><strong>3.590.000₫</strong></p>\r\n\r\n<p>M&agrave;n h&igrave;nh: 5.5&quot;, HD</p>\r\n\r\n<p>HĐH: Android 7.0</p>\r\n\r\n<p>CPU: MT6737T, 4 nh&acirc;n</p>\r\n\r\n<p>RAM: 2 GB, ROM: 16 GB</p>\r\n\r\n<p>Camera: 13 MP, Selfie: 5 MP</p>\r\n\r\n<p><a href=\"https://www.thegioididong.com/them-vao-gio-hang?ProductId=133496\" target=\"blank\">Đặt mua</a><a href=\"https://www.thegioididong.com/tra-gop/dtdd/sony-xperia-l1-trang\" target=\"blank\">Trả g&oacute;p</a></p>\r\n\r\n<p>&nbsp;</p>\r\n\r\n<p><strong><a href=\"https://www.thegioididong.com/dtdd/sony-xperia-l1-trang\" target=\"_blank\">ĐẶT MUA XPERIA L1</a></strong></p>\r\n\r\n<h3><strong>2. Xperia XA1 Plus (Gi&aacute; tham khảo: 5.99 triệu)</strong></h3>\r\n\r\n<p>Với mức gi&aacute; khoảng 6 triệu (nay c&ograve;n được giảm 500.000 đồng), <a href=\"https://www.thegioididong.com/dtdd/sony-xepria-xa1-plus\" target=\"_blank\">Xperia XA1 Plus</a> mang lại cho người d&ugrave;ng một kh&ocirc;ng gian trải nghiệm tốt tr&ecirc;n m&agrave;n h&igrave;nh 5.5 inch Full HD với tấm nền IPS, thiết kế kim loại nguy&ecirc;n khối được ho&agrave;n thiện tỉ mỉ, cứng c&aacute;p đem đến cảm gi&aacute;c cầm nắm tốt.</p>\r\n\r\n<p><img alt=\"Xperia XA1 Plus\" src=\"https://cdn.tgdd.vn/Files/2018/07/12/1100982/topsony4_800x451.jpg\" style=\"height:282px; width:500px\" /></p>\r\n\r\n<p>Giảm 500.000 đồng + B&igrave;nh giữ nhiệt inox DMX-002 500 ml (<a href=\"https://www.dienmayxanh.com/binh-giu-nhiet/binh-giu-nhiet-500ml-dmx-002\" target=\"_blank\">Xem chi tiết</a>)</p>\r\n\r\n<p>Về cấu h&igrave;nh, sản phẩm n&agrave;y được Sony trang bị vi xử l&yacute; Helio P20, RAM 4 GB, bộ nhớ trong 32 GB, camera trước - sau 8 &amp; 23 &quot;chấm&quot; &amp; vi&ecirc;n pin 3.430 mAh (c&oacute; sạc nhanh),... Theo m&igrave;nh th&igrave; tương đối tốt để mang lại trải nghiệm mượt m&agrave; cho hầu hết người d&ugrave;ng.&nbsp;</p>\r\n\r\n<p><a href=\"https://www.thegioididong.com/dtdd/sony-xepria-xa1-plus\"><img src=\"https://cdn3.tgdd.vn/Products/Images/42/112833/sony-xperia-xa1-plus-ava-200x200.jpg\" /></a></p>\r\n\r\n<h3><a href=\"https://www.thegioididong.com/dtdd/sony-xepria-xa1-plus\">Sony Xperia XA1 Plus</a></h3>\r\n\r\n<p><strong>5.990.000₫</strong></p>\r\n\r\n<p>M&agrave;n h&igrave;nh: 5.5&quot;, Full HD</p>\r\n\r\n<p>HĐH: Android 7.0</p>\r\n\r\n<p>CPU: Mediatek Helio P20</p>\r\n\r\n<p>RAM: 4 GB, ROM: 32 GB</p>\r\n\r\n<p>Camera: 23 MP, Selfie: 8 MP</p>\r\n\r\n<p><a href=\"https://www.thegioididong.com/them-vao-gio-hang?ProductId=112833\" target=\"blank\">Đặt mua</a><a href=\"https://www.thegioididong.com/tra-gop/dtdd/sony-xepria-xa1-plus\" target=\"blank\">Trả g&oacute;p</a></p>\r\n\r\n<p>&nbsp;</p>\r\n\r\n<p><strong><a href=\"https://www.thegioididong.com/dtdd/sony-xepria-xa1-plus\" target=\"_blank\">ĐẶT MUA XA1 PLUS</a></strong></p>\r\n\r\n<h3><strong>3. Xperia XZ2 (Gi&aacute; tham khảo: 19.99 triệu)</strong></h3>\r\n\r\n<p>L&agrave; một smartphone ở ph&acirc;n kh&uacute;c cao cấp năm 2018 thế n&ecirc;n Xperia nghiễm nhi&ecirc;n được sở hữu những trang bị mạnh nhất về cấu h&igrave;nh như:</p>\r\n\r\n<p>Chip Snapdragon 845, RAM 4 GB, bộ nhớ trong 64 GB, vi&ecirc;n pin 3.180 mAh, camera sau 19 MP c&oacute; khả năng quay phim 4K HDR đầu ti&ecirc;n tr&ecirc;n thế giới,...</p>\r\n\r\n<p><img alt=\"Xperia XZ2\" src=\"https://cdn.tgdd.vn/Files/2018/07/12/1100982/topsony3_800x450.jpg\" style=\"height:281px; width:500px\" /></p>\r\n\r\n<p>Giảm 3.000.000 đồng + Phiếu mua h&agrave;ng trị gi&aacute; 200.000 đồng</p>\r\n\r\n<p>B&ecirc;n cạnh đ&oacute;, thiết bị n&agrave;y c&ograve;n sở hữu một ng&ocirc;n ngữ thiết kế mới mang lại phần mặt lưng cong, b&oacute;ng bẩy vừa đẹp, vừa &ocirc;m tay dễ cầm nắm. Đ&acirc;y cũng l&agrave; một trong những sản phẩm Xperia đầu ti&ecirc;n được trang bị m&agrave;n h&igrave;nh 18:9 k&iacute;ch thước 5.7 inch với nhiều c&ocirc;ng nghệ hiển thị h&agrave;ng đầu.</p>\r\n\r\n<p><a href=\"https://www.thegioididong.com/dtdd/sony-xperia-xz2\"><img src=\"https://cdn4.tgdd.vn/Products/Images/42/146014/sony-xperia-xz2-1-400x400.jpg\" /></a></p>\r\n\r\n<h3><a href=\"https://www.thegioididong.com/dtdd/sony-xperia-xz2\">Sony Xperia XZ2</a></h3>\r\n\r\n<p><strong>19.990.000₫</strong></p>\r\n\r\n<p>M&agrave;n h&igrave;nh: 5.7&quot;, Full HD+</p>\r\n\r\n<p>HĐH: Android 8.0</p>\r\n\r\n<p>CPU: Snapdragon 845 8 nh&acirc;n</p>\r\n\r\n<p>RAM: 4 GB, ROM: 64 GB</p>\r\n\r\n<p>Camera: 19 MP, Selfie: 5 MP</p>\r\n\r\n<p><a href=\"https://www.thegioididong.com/them-vao-gio-hang?ProductId=146014\" target=\"blank\">Đặt mua</a><a href=\"https://www.thegioididong.com/tra-gop/dtdd/sony-xperia-xz2\" target=\"blank\">Trả g&oacute;p</a></p>\r\n\r\n<p>&nbsp;</p>\r\n\r\n<p><strong><a href=\"https://www.thegioididong.com/dtdd/sony-xperia-xz2\" target=\"_blank\">ĐẶT MUA XPERIA XZ2</a></strong></p>\r\n\r\n<p>-----</p>\r\n\r\n<p>Vừa rồi l&agrave; 3 sản phẩm Sony đang được giảm gi&aacute; cuối tuần k&egrave;m theo nhiều qu&agrave; tặng, khuyến m&atilde;i hấp dẫn. Nếu bạn th&iacute;ch th&igrave; h&atilde;y đặt gạch ngay h&ocirc;m nay để kh&ocirc;ng bỏ lỡ cơ hội nh&eacute;!</p>\r\n\r\n<p>&nbsp;</p>\r\n', '2018-05-14 05:55:51', 8, 'HinhAnh-1531463672.jpg', 2, 1, 27),
(3, ' Nokia 2.1, 3.1 giá rẻ, chạy Android gốc về Việt Nam', 'Nokia 3.1 lên kệ từ ngày 12/7 với giá từ 3,4 triệu đồng trong khi Nokia 2.1 sẽ lên kệ vào tháng 8. ', '<table align=\"center\">\r\n	<tbody>\r\n		<tr>\r\n			<td>Sau loạt sản phẩm tầm trung ra mắt tại Việt Nam hồi th&aacute;ng 3, HMD Global - nh&atilde;n h&agrave;ng sở hữu thương hiệu di động Nokia - tiếp tục đem bộ đ&ocirc;i di động gi&aacute; rẻ l&agrave; Nokia 3.1 (phải) v&agrave; 2.1 (tr&aacute;i) về Việt Nam. Bộ đ&ocirc;i n&agrave;y ra mắt c&ugrave;ng với chiếc Nokia 5.1 v&agrave;o cuối th&aacute;ng 5 tại thị trường quốc tế.</td>\r\n		</tr>\r\n	</tbody>\r\n</table>\r\n\r\n<table align=\"center\">\r\n	<tbody>\r\n		<tr>\r\n			<td>\r\n			<p><img alt=\"Nokia 2.1, 3.1 gia re, chay Android goc ve Viet Nam hinh anh 2\" src=\"https://znews-photo-td.zadn.vn/w1024/Uploaded/Aohuouk/2018_07_12/SmartphoneNokia_Zing_2.jpg\" style=\"height:377px; width:559.609px\" /></p>\r\n			</td>\r\n		</tr>\r\n		<tr>\r\n			<td>Đ&acirc;y đều l&agrave; bản n&acirc;ng cấp của những model đ&atilde; ra mắt năm ngo&aacute;i. Thay v&igrave; c&aacute;ch gọi Nokia 2 v&agrave; th&ecirc;m đu&ocirc;i 2018 như c&aacute;c h&atilde;ng vẫn l&agrave;m, HMD gọi ch&uacute;ng l&agrave; Nokia 2.1 hay 3.1. Theo c&ocirc;ng bố của nh&agrave; sản xuất, model thế hệ mới c&oacute; tốc độ xử l&yacute; nhanh hơn 50% so với thế hệ cũ.</td>\r\n		</tr>\r\n	</tbody>\r\n</table>\r\n\r\n<table align=\"center\">\r\n	<tbody>\r\n		<tr>\r\n			<td>\r\n			<p><img alt=\"Nokia 2.1, 3.1 gia re, chay Android goc ve Viet Nam hinh anh 3\" src=\"https://znews-photo-td.zadn.vn/w1024/Uploaded/Aohuouk/2018_07_12/SmartphoneNokia_Zing_3.jpg\" style=\"height:377px; width:559.609px\" /></p>\r\n			</td>\r\n		</tr>\r\n		<tr>\r\n			<td>Trong số 2 model, Nokia 3.1 nhỏ nhắn hơn, sử dụng khung kim loại trong khi Nokia 2.1 d&ugrave;ng khung nhựa, m&agrave;n h&igrave;nh lớn, pin tr&acirc;u hơn.</td>\r\n		</tr>\r\n	</tbody>\r\n</table>\r\n\r\n<table align=\"center\">\r\n	<tbody>\r\n		<tr>\r\n			<td>\r\n			<p><img alt=\"Nokia 2.1, 3.1 gia re, chay Android goc ve Viet Nam hinh anh 4\" src=\"https://znews-photo-td.zadn.vn/w1024/Uploaded/Aohuouk/2018_07_12/SmartphoneNokia_Zing_4.jpg\" style=\"height:377px; width:559.609px\" /></p>\r\n			</td>\r\n		</tr>\r\n		<tr>\r\n			<td>Cầm chiếc Nokia 3.1 tr&ecirc;n tay, người d&ugrave;ng sẽ thấy được đường n&eacute;t quen thuộc của model Nokia 3 năm ngo&aacute;i. Điểm kh&aacute;c biệt dễ nhận thấy nhất l&agrave; đường cắt kim cương chạy dọc khung m&aacute;y v&agrave; tỷ lệ m&agrave;n h&igrave;nh 18:9, thay v&igrave; 16:9 như trước đ&acirc;y.</td>\r\n		</tr>\r\n	</tbody>\r\n</table>\r\n\r\n<table align=\"center\">\r\n	<tbody>\r\n		<tr>\r\n			<td>\r\n			<p><img alt=\"Nokia 2.1, 3.1 gia re, chay Android goc ve Viet Nam hinh anh 5\" src=\"https://znews-photo-td.zadn.vn/w1024/Uploaded/Aohuouk/2018_07_12/SmartphoneNokia_Zing_5.jpg\" style=\"height:377px; width:559.609px\" /></p>\r\n			</td>\r\n		</tr>\r\n		<tr>\r\n			<td>Ph&iacute;a mặt sau, m&aacute;y được trang bị camera đơn 13 megapixel, thiết kế hơi lồi. Về tổng thể, Nokia 3.1 tỏ ra cực kỳ gọn g&agrave;ng. Trừ khi cầm những chiếc iPhone m&agrave;n h&igrave;nh 4 inch của Apple như SE hay iPhone 5, 5S, kh&oacute; c&oacute; mẫu Android n&agrave;o cho cảm gi&aacute;c gọn như Nokia 3.1.</td>\r\n		</tr>\r\n	</tbody>\r\n</table>\r\n\r\n<table align=\"center\">\r\n	<tbody>\r\n		<tr>\r\n			<td>\r\n			<p><img alt=\"Nokia 2.1, 3.1 gia re, chay Android goc ve Viet Nam hinh anh 6\" src=\"https://znews-photo-td.zadn.vn/w1024/Uploaded/Aohuouk/2018_07_12/SmartphoneNokia_Zing_6.jpg\" style=\"height:377px; width:559.609px\" /></p>\r\n			</td>\r\n		</tr>\r\n		<tr>\r\n			<td>Điều n&agrave;y kh&aacute; dễ hiểu khi m&aacute;y d&ugrave;ng m&agrave;n h&igrave;nh 5,2 inch (HD+), lại c&oacute; tỷ lệ 18:9. Thử nghiệm nhanh cho thấy camera của m&aacute;y cho chất lượng trung b&igrave;nh.&nbsp;</td>\r\n		</tr>\r\n	</tbody>\r\n</table>\r\n\r\n<table align=\"center\">\r\n	<tbody>\r\n		<tr>\r\n			<td>\r\n			<p><img alt=\"Nokia 2.1, 3.1 gia re, chay Android goc ve Viet Nam hinh anh 7\" src=\"https://znews-photo-td.zadn.vn/w1024/Uploaded/Aohuouk/2018_07_12/SmartphoneNokia_Zing_7.jpg\" style=\"height:377px; width:559.609px\" /></p>\r\n			</td>\r\n		</tr>\r\n		<tr>\r\n			<td>Nokia 3.1 được b&aacute;n với gi&aacute; 3,39 triệu cho bản RAM 2 GB, dung lượng 16 GB v&agrave; 3,99 triệu bản RAM 3 GB, dung lượng 32 GB. Những th&ocirc;ng số đ&aacute;ng ch&uacute; &yacute; kh&aacute;c của m&aacute;y l&agrave; chip MediaTek 6750, hệ điều h&agrave;nh Android One với thời gian hứa hẹn n&acirc;ng cấp phần mềm l&agrave; 2 năm.&nbsp;</td>\r\n		</tr>\r\n	</tbody>\r\n</table>\r\n\r\n<table align=\"center\">\r\n	<tbody>\r\n		<tr>\r\n			<td>\r\n			<p><img alt=\"Nokia 2.1, 3.1 gia re, chay Android goc ve Viet Nam hinh anh 8\" src=\"https://znews-photo-td.zadn.vn/w1024/Uploaded/Aohuouk/2018_07_12/SmartphoneNokia_Zing_8.jpg\" style=\"height:377px; width:559.609px\" /></p>\r\n			</td>\r\n		</tr>\r\n		<tr>\r\n			<td>Trong khi đ&oacute;, Nokia 2.1 chạy phi&ecirc;n bản Android Go, phi&ecirc;n bản Android gốc r&uacute;t gọn, tối ưu cho smartphone với RAM dưới 1 GB. Thiết bị n&agrave;y c&oacute; kiểu d&aacute;ng cơ bản với vỏ nhựa, nắp lưng th&aacute;o rời (nhưng kh&ocirc;ng d&ugrave;ng pin rời).&nbsp;</td>\r\n		</tr>\r\n	</tbody>\r\n</table>\r\n\r\n<table align=\"center\">\r\n	<tbody>\r\n		<tr>\r\n			<td>\r\n			<p><img alt=\"Nokia 2.1, 3.1 gia re, chay Android goc ve Viet Nam hinh anh 9\" src=\"https://znews-photo-td.zadn.vn/w1024/Uploaded/Aohuouk/2018_07_12/SmartphoneNokia_Zing_9.jpg\" style=\"height:377px; width:559.609px\" /></p>\r\n			</td>\r\n		</tr>\r\n		<tr>\r\n			<td>Ở mặt trước l&agrave; m&agrave;n h&igrave;nh 5,5 inch với loa stereo k&eacute;p kh&aacute; đ&aacute;ng ch&uacute; &yacute;. Thiết bị n&agrave;y c&oacute; tỷ lệ 16:9.</td>\r\n		</tr>\r\n	</tbody>\r\n</table>\r\n\r\n<table align=\"center\">\r\n	<tbody>\r\n		<tr>\r\n			<td>\r\n			<p><img alt=\"Nokia 2.1, 3.1 gia re, chay Android goc ve Viet Nam hinh anh 10\" src=\"https://znews-photo-td.zadn.vn/w1024/Uploaded/Aohuouk/2018_07_12/SmartphoneNokia_Zing_10.jpg\" style=\"height:377px; width:559.609px\" /></p>\r\n			</td>\r\n		</tr>\r\n		<tr>\r\n			<td>Nokia 2.1 sẽ b&aacute;n ra v&agrave;o th&aacute;ng 8 với gi&aacute; b&aacute;n chưa được c&ocirc;ng bố. Một v&agrave;i th&ocirc;ng số đ&aacute;ng ch&uacute; &yacute; của m&aacute;y bao gồm RAM 1 GB, dung lượng lưu trữ 8 GB, vi&ecirc;n pin 4.000 mAh v&agrave; con chip Snapdragon 425.</td>\r\n		</tr>\r\n	</tbody>\r\n</table>\r\n\r\n<table align=\"center\">\r\n	<tbody>\r\n		<tr>\r\n			<td>\r\n			<p><img alt=\"Nokia 2.1, 3.1 gia re, chay Android goc ve Viet Nam hinh anh 11\" src=\"https://znews-photo-td.zadn.vn/w1024/Uploaded/Aohuouk/2018_07_12/SmartphoneNokia_Zing_11.jpg\" style=\"height:377px; width:559.609px\" /></p>\r\n			</td>\r\n		</tr>\r\n		<tr>\r\n			<td>Nokia 3.1 v&agrave; 2.1 g&oacute;p th&ecirc;m gia vị v&agrave;o cuộc đua smartphone gi&aacute; rẻ tại Việt Nam, vốn s&ocirc;i động nhưng kh&ocirc;ng nhiều model mới trong năm nay. Thực tế, nhiều h&atilde;ng di động đ&atilde; chuyển m&igrave;nh, &iacute;t để &yacute; đến những model gi&aacute; rẻ. Thay v&agrave;o đ&oacute;, họ tập trung v&agrave;o nh&oacute;m di động gi&aacute; tr&ecirc;n 5 triệu đồng. Những model tầm thấp chủ yếu l&agrave; m&aacute;y tầm trung trước kia được giảm gi&aacute;.</td>\r\n		</tr>\r\n	</tbody>\r\n</table>\r\n\r\n<table align=\"center\">\r\n	<tbody>\r\n		<tr>\r\n			<td>\r\n			<p><img alt=\"Nokia 2.1, 3.1 gia re, chay Android goc ve Viet Nam hinh anh 12\" src=\"https://znews-photo-td.zadn.vn/w1024/Uploaded/Aohuouk/2018_07_12/SmartphoneNokia_Zing_12.jpg\" style=\"height:377px; width:559.609px\" /></p>\r\n			</td>\r\n		</tr>\r\n		<tr>\r\n			<td>Theo c&ocirc;ng bố của HMD Global, h&atilde;ng n&agrave;y hiện nằm trong top 5 nh&agrave; sản xuất smartphone tại Việt Nam, v&agrave; đứng đầu trong mảng sản xuất di động cơ bản. Hồi đầu năm, HMD tuy&ecirc;n bố muốn b&aacute;n khoảng 500.000 smartphone tại Việt Nam trong năm nay.</td>\r\n		</tr>\r\n	</tbody>\r\n</table>\r\n\r\n<p>&nbsp;</p>\r\n', '2018-07-10 05:55:55', 1, 'HinhAnh-1531468802.jpg', 3, 1, 31),
(4, 'Galaxy S9+ màu đỏ về Việt Nam với giá 16,3 triệu đồng', 'Sau khi ra mắt tại thị trường Trung Quốc và Hàn Quốc, Galaxy S9+ phiên bản màu đỏ đã nhanh chóng về đến Việt Nam theo đường xách tay với giá 16,3 triệu đồng cho bản 64 GB. ', '<table align=\"center\">\r\n	<tbody>\r\n		<tr>\r\n			<td>Theo quan niệm của phương đ&ocirc;ng, m&agrave;u đỏ tượng trưng cho sự may mắn. V&igrave; vậy, với phi&ecirc;n bản m&agrave;u đỏ tr&ecirc;n Galaxy S9+, được người d&ugrave;ng quan t&acirc;m. Trong đợt h&agrave;ng x&aacute;ch tay đầu ti&ecirc;n, m&aacute;y đ&atilde; được b&aacute;n &ldquo;sạch&rdquo; trong thời gian ngắn.&nbsp; &nbsp; &nbsp; &nbsp; &nbsp; &nbsp; &nbsp;</td>\r\n		</tr>\r\n	</tbody>\r\n</table>\r\n\r\n<table align=\"center\">\r\n	<tbody>\r\n		<tr>\r\n			<td>\r\n			<p><img alt=\"Galaxy S9+ mau do ve Viet Nam voi gia 16,3 trieu dong hinh anh 2\" src=\"https://znews-photo-td.zadn.vn/w1024/Uploaded/neg_wpeczyr/2018_07_13/galaxy_s9_zing_4.jpg\" style=\"height:391px; width:559.615px\" /></p>\r\n			</td>\r\n		</tr>\r\n		<tr>\r\n			<td>&nbsp;So với c&aacute;c phi&ecirc;n bản m&agrave;u sắc quen thuộc như đen, v&agrave;ng, bạc&hellip; th&igrave; m&agrave;u đỏ tr&ecirc;n Galaxy S9+ c&oacute; phần bắt mắt v&agrave; thu h&uacute;t &aacute;nh nh&igrave;n của người d&ugrave;ng ngay lần gặp đầu ti&ecirc;n. Đồng thời, m&agrave;u đỏ tr&ecirc;n Galaxy S9+ được l&agrave;m đậm hơn với m&agrave;u đỏ tr&ecirc;n Galaxy S8+.</td>\r\n		</tr>\r\n	</tbody>\r\n</table>\r\n\r\n<table align=\"center\">\r\n	<tbody>\r\n		<tr>\r\n			<td>\r\n			<p><img alt=\"Galaxy S9+ mau do ve Viet Nam voi gia 16,3 trieu dong hinh anh 3\" src=\"https://znews-photo-td.zadn.vn/w1024/Uploaded/neg_wpeczyr/2018_07_13/galaxy_s9_zing_7.jpg\" style=\"height:367px; width:558.707px\" /></p>\r\n			</td>\r\n		</tr>\r\n		<tr>\r\n			<td>Galaxy S9+ đỏ được Samsung phủ lớp sơn đỏ đậm l&ecirc;n phần khung viền camera, cổng sạc, tai nghe v&agrave; loa ngo&agrave;i gi&uacute;p cho tổng thể của m&aacute;y liền lạc v&agrave; đẹp mắt hơn. Đồng thời, phần mặt lưng của Galaxy S9+ đỏ c&oacute; thể thay đổi m&agrave;u sắc, đậm nhạt theo từng g&oacute;c độ &aacute;nh s&aacute;ng kh&aacute;c nhau. Đ&acirc;y l&agrave; đặc trưng của lớp phủ m&agrave;u nano m&agrave; Samsung trang bị cho d&ograve;ng sản phẩm n&agrave;y. Tuy nhi&ecirc;n, điểm trừ l&agrave; mặt lưng k&iacute;nh b&aacute;m v&acirc;n tay v&agrave; mồ h&ocirc;i kh&aacute; nhiều.</td>\r\n		</tr>\r\n	</tbody>\r\n</table>\r\n\r\n<table align=\"center\">\r\n	<tbody>\r\n		<tr>\r\n			<td>\r\n			<p><img alt=\"Galaxy S9+ mau do ve Viet Nam voi gia 16,3 trieu dong hinh anh 4\" src=\"https://znews-photo-td.zadn.vn/w1024/Uploaded/neg_wpeczyr/2018_07_13/galaxy_s9_zing_1.jpg\" style=\"height:366px; width:559.005px\" /></p>\r\n			</td>\r\n		</tr>\r\n		<tr>\r\n			<td>&nbsp;Phần viền ở mặt trước của m&aacute;y được l&agrave;m m&agrave;u đen kết hơp với mặt lưng m&agrave;u đỏ kh&aacute; sang trọng. Galaxy S9+ c&oacute; m&agrave;n h&igrave;nh Super AMOLED 6,2 inch 2K, tỷ lệ 18,5:9 c&ugrave;ng lớp k&iacute;nh cường lực Gorilla Glass 5 gi&uacute;p hạn chế trầy xước. Do đ&acirc;y l&agrave; phi&ecirc;n bản x&aacute;ch tay H&agrave;n Quốc nh&agrave; mạng SK Telecom n&ecirc;n m&aacute;y chỉ c&oacute; 1 SIM v&agrave; c&oacute; một số ứng dụng tiếng H&agrave;n k&egrave;m theo. C&aacute;c th&ocirc;ng số c&ograve;n lại của m&aacute;y vẫn giống như c&aacute;c phi&ecirc;n bản m&agrave;u sắc kh&aacute;c.</td>\r\n		</tr>\r\n	</tbody>\r\n</table>\r\n\r\n<table align=\"center\">\r\n	<tbody>\r\n		<tr>\r\n			<td>\r\n			<p><img alt=\"Galaxy S9+ mau do ve Viet Nam voi gia 16,3 trieu dong hinh anh 5\" src=\"https://znews-photo-td.zadn.vn/w1024/Uploaded/neg_wpeczyr/2018_07_13/galaxy_s9_zing_2.jpg\" style=\"height:362px; width:559.455px\" /></p>\r\n			</td>\r\n		</tr>\r\n		<tr>\r\n			<td>&nbsp;C&aacute;c phụ kiện đi k&egrave;m theo m&aacute;y vẫn giống c&aacute;c phi&ecirc;n bản m&agrave;u sắc kh&aacute;c. Tuy nhi&ecirc;n, tai nghe AKG được l&agrave;m m&agrave;u đỏ nổi bật, c&ugrave;ng t&ocirc;ng m&agrave;u với m&aacute;y.</td>\r\n		</tr>\r\n	</tbody>\r\n</table>\r\n\r\n<p>&nbsp;</p>\r\n', '2018-03-19 05:55:58', 8, 'HinhAnh-1531463811.jpg', 1, 1, 21),
(5, 'Chrome bản mới có thể khiến máy tính của bạn khổ sở', 'Bản cập nhật mới của trình duyệt Chrome khiến nó chiếm thêm 10% dung lượng RAM của máy tính. ', '<p>Google vừa tung ra bản cập nhật v&aacute; lỗi bảo mật Spectre cho tr&igrave;nh duyệt Chrome. Theo c&aacute;c th&ocirc;ng tin từ <em>Thurrot</em>, c&ocirc;ng ty đ&atilde; bổ sung t&iacute;nh năng c&ocirc; lập trang web tr&ecirc;n bản Chrome 67.</p>\r\n\r\n<p>Theo đ&oacute;, t&iacute;nh năng n&agrave;y&nbsp;sẽ được bật mặc định để bảo vệ m&aacute;y t&iacute;nh khỏi c&aacute;c cuộc tấn c&ocirc;ng th&ocirc;ng qua lỗ hổng Spectre. Tuy nhi&ecirc;n, t&iacute;nh năng mới n&agrave;y sẽ khiến cho tr&igrave;nh duyệt Chrome sử dụng nhiều bộ nhớ RAM hơn.</p>\r\n\r\n<p>&Ocirc;ng Charlie Reis, kỹ sư phần mềm của Google cho biết &quot;việc tạo ra một tấm chắn c&ocirc; lập khiến tr&igrave;nh duyệt Chrome buộc phải sử dụng nhiều t&agrave;i nguy&ecirc;n hệ thống hơn. N&oacute; sẽ cần th&ecirc;m 10-13% bộ nhớ RAM để c&oacute; thể thực hiện c&aacute;c t&aacute;c vụ n&agrave;y&quot;.</p>\r\n\r\n<table align=\"center\">\r\n	<tbody>\r\n		<tr>\r\n			<td>\r\n			<p><img alt=\"Chrome ban moi co the khien may tinh cua ban kho so hinh anh 1\" src=\"https://znews-photo-td.zadn.vn/w660/Uploaded/fsmyy/2018_07_13/chrome_1024x576.jpg\" style=\"height:315px; width:560px\" /></p>\r\n			</td>\r\n		</tr>\r\n		<tr>\r\n			<td>Tr&igrave;nh duyệt Chrome sử dụng qu&aacute; nhiều t&agrave;i nguy&ecirc;n hệ thống khiến m&aacute;y t&iacute;nh bị chậm.</td>\r\n		</tr>\r\n	</tbody>\r\n</table>\r\n\r\n<p>Tr&igrave;nh duyệt Chrome của Goole thường xuy&ecirc;n bị người d&ugrave;ng ph&agrave;n n&agrave;n về vấn đề sử dụng qu&aacute; nhiều bộ nhớ RAM, khiến m&aacute;y t&iacute;nh hoạt động chậm. Tồi tệ hơn tr&ecirc;n bản cập nhật n&agrave;y Google kh&ocirc;ng khắc phục lỗi đ&oacute; m&agrave; n&oacute; lại tăng th&ecirc;m 10%. Việc n&agrave;y sẽ ảnh hưởng nhiều đến trải nghiệm của người d&ugrave;ng đặc biệt với c&aacute;c thiết bị chỉ c&oacute; dưới 4 GB RAM.</p>\r\n\r\n<p>Resi&nbsp;cho biết &quot;c&aacute;c kỹ sư của Google đang cố gắng tối ưu h&oacute;a lại hệ thống để Chrome c&oacute; thể hoạt động mượt hơn v&agrave; th&acirc;n thiện hơn&quot;. Gần đ&acirc;y, ch&iacute;nh Microssoft cũng c&ocirc;ng khai chỉ tr&iacute;ch việc tr&igrave;nh duyệt Chrome đang l&agrave;m ảnh hưởng đến tuổi thọ pin của những chiếc m&aacute;y t&iacute;nh x&aacute;ch tay.</p>\r\n\r\n<p>&nbsp;</p>\r\n', '2018-07-11 09:44:44', 1, 'HinhAnh-1531463909.jpg', 1, 1, 47),
(6, 'Top điện thoại Android ra mắt nửa sau 2018', 'Ngoài Galaxy Note 9, làng điện thoại Android còn chuẩn bị chào đón hàng loạt “siêu phẩm” khác.', '<h2>Samsung Galaxy Note 9</h2>\r\n\r\n<p>Samsung l&agrave; c&aacute;i t&ecirc;n &ldquo;khai hỏa&rdquo; đầu ti&ecirc;n với Note 9 ra mắt ng&agrave;y 9/8. D&ograve;ng Note sở hữu nhiều t&iacute;nh năng nổi trội, đ&aacute;ng ch&uacute; &yacute; nhất l&agrave; b&uacute;t S Pen. Th&ocirc;ng thường, thiết bị mới được Samsung b&aacute;n ra v&agrave;o tuần kế tiếp, v&igrave; vậy c&oacute; khả năng &ldquo;si&ecirc;u phẩm&rdquo; mới nhất của h&atilde;ng sẽ l&ecirc;n kệ v&agrave;o ng&agrave;y 13/8.</p>\r\n\r\n<h2>Sony Xperia XZ3</h2>\r\n\r\n<p>Ch&uacute;ng ta chưa c&oacute; nhiều th&ocirc;ng tin về smartphone mới của Sony song h&atilde;ng điện thoại Nhật Bản thường chọn IFA l&agrave;m nơi giới thiệu. Nếu mọi việc kh&ocirc;ng c&oacute; g&igrave; kh&aacute;c so với trước đ&acirc;y, c&oacute; thể Sony sẽ ra mắt Xperia XZ3, hay ch&iacute; &iacute;tl&agrave; phi&ecirc;n bản kế nhiệm XZ2 v&agrave; XZ2 Compact.</p>\r\n\r\n<p><img src=\"http://image1.ictnews.vn/_Files/2018/07/09/andrew-editors-desk-3.jpg\" style=\"height:375px; width:500px\" /></p>\r\n\r\n<p>&nbsp;</p>\r\n\r\n<p>&nbsp;</p>\r\n\r\n<p>&nbsp;</p>\r\n\r\n<p>&nbsp;</p>\r\n\r\n<h2>LG V40</h2>\r\n\r\n<p>LG V40 được đồn d&ugrave;ng tới 3 camera ph&iacute;a sau v&agrave; 2 camera trước. N&oacute; sẽ c&oacute; &ldquo;tai thỏ&rdquo; như G7 nhưng mong l&agrave; d&ugrave;ng m&agrave;n h&igrave;nh v&agrave; pin lớn hơn.</p>\r\n\r\n<h2>Google Pixel 3 v&agrave; 3 XL</h2>\r\n\r\n<p>Pixel 3 v&agrave; 3 XL l&agrave; bộ đ&ocirc;i smartphone đ&aacute;ng mong đợi đến từ Google. C&oacute; tin đồn Pixel 3 trang bị man h&igrave;nh cao 18:9, hai camera ph&iacute;a trước. Năm 2017, Google giới thiệu Pixel 2 v&agrave; 2 XL trong sự kiện ng&agrave;y 4/10, v&igrave; vậy đ&acirc;y cũng l&agrave; khoảng thời gian ch&uacute;ng ta tr&ocirc;ng đợi.</p>\r\n', '2018-07-02 05:56:07', 8, 'HinhAnh-1531467181.jpg', 5, 1, 133),
(7, 'Cách tránh bị lừa mua phải smartphone dỏm', 'Chạy phần mềm, kiểm tra số IMEI, sử dụng thử thiết bị là những cách để người dùng tránh phải rủi ro mua một chiếc smartphone giả, nhái, không rõ nguồn gốc. ', '<p>Kh&ocirc;ng thiếu những trường hợp người d&ugrave;ng bị lừa h&agrave;ng chục triệu để mang về một chiếc smartphone nh&aacute;i. Đ&oacute; c&oacute; thể l&agrave; một chiếc iPhone mới c&aacute;u, song camera, vi xử l&yacute; hoặc c&aacute;c th&agrave;nh phần kh&aacute;c lại ho&agrave;n to&agrave;n k&eacute;m chất lượng.</p>\r\n\r\n<p>L&agrave;m giả c&aacute;c smartphone của iPhone hay Samsung gần như l&agrave; một ng&agrave;nh c&ocirc;ng nghiệp tại Trung Quốc. Theo b&aacute;o c&aacute;o v&agrave;o năm 2017 của Antutu, thị trường smartphone giả c&oacute; đến 36% thiết bị mang thương hiệu Samsung, tăng đ&aacute;ng kể so với 7,7% của iPhone v&agrave; 3,4% của Huawei. Trong đ&oacute; Galaxy S7 Edge l&agrave; c&aacute;i t&ecirc;n bị l&agrave;m nh&aacute;i nhiều nhất.</p>\r\n\r\n<p>B&aacute;o c&aacute;o cũng cho hay 2,64% trong số 17.424.726 thiết bị được x&aacute;c minh l&agrave; giả. Con số n&agrave;y v&agrave;o khoảng 460.000 m&aacute;y giả chỉ t&iacute;nh ri&ecirc;ng tr&ecirc;n b&aacute;o c&aacute;o của Antutu, trong khi thực tế, c&oacute; hơn 1 tỷ chiếc smartphone đang được sử dụng tr&ecirc;n khắp thế giới.</p>\r\n\r\n<table align=\"center\">\r\n	<tbody>\r\n		<tr>\r\n			<td>\r\n			<p><img alt=\"Cach tranh bi lua mua phai smartphone dom hinh anh 1\" src=\"https://znews-photo-td.zadn.vn/w660/Uploaded/lce_uxlcq/2018_07_06/Screenshot_36.jpg\" style=\"height:276px; width:558.273px\" /></p>\r\n			</td>\r\n		</tr>\r\n		<tr>\r\n			<td>Samsung l&agrave; thương hiệu smartphone bị l&agrave;m nh&aacute;i nhiều nhất trong năm 2017. Ảnh: <em>Antutu.</em></td>\r\n		</tr>\r\n	</tbody>\r\n</table>\r\n\r\n<p>R&otilde; r&agrave;ng mua một chiếc smartphone mới từ nh&agrave; b&aacute;n lẻ uy t&iacute;n l&agrave; c&aacute;ch l&agrave;m an to&agrave;n nhất, nhưng thực tế kh&ocirc;ng phải l&uacute;c n&agrave;o cũng như vậy. Thị trường điện thoại cũ, di động t&acirc;n trang ng&agrave;y c&agrave;ng ph&aacute;t triển, kh&ocirc;ng &iacute;t người d&ugrave;ng lu&ocirc;n c&oacute; khao kh&aacute;t sở hữu sản phẩm cao cấp với mức gi&aacute; vừa phải. Đ&acirc;y ho&agrave;n to&agrave;n l&agrave; một mong muốn ch&iacute;nh đ&aacute;ng.&nbsp;</p>\r\n\r\n<p>Do đ&oacute;, người d&ugrave;ng n&ecirc;n c&acirc;n nhắc những đặc điểm sau đ&acirc;y khi chọn mua smartphone nhằm tr&aacute;nh việc &quot;ăn&quot; phải những c&uacute; lừa kh&ocirc;ng đ&aacute;ng c&oacute;.</p>\r\n\r\n<h3>Vẻ ngo&agrave;i &#39;k&eacute;m sang&#39;</h3>\r\n\r\n<p>Lẽ dĩ nhi&ecirc;n, diện mạo b&ecirc;n ngo&agrave;i l&agrave; thứ đập ngay v&agrave;o mắt người d&ugrave;ng khi mua smartphone. Bạn n&ecirc;n ch&uacute; &yacute; vị tr&iacute; của c&aacute;c ph&iacute;m bấm, đường viền bezel c&oacute; ph&ugrave; hợp hoặc camera c&oacute; bị mờ hay kh&ocirc;ng.</p>\r\n\r\n<p>Tất nhi&ecirc;n, nếu chỉ kiểm tra b&ecirc;n ngo&agrave;i th&ocirc;i th&igrave; chuyện kh&ocirc;ng c&oacute; g&igrave; để n&oacute;i. C&aacute;c thiết bị được l&agrave;m nh&aacute;i tinh vi đều sở hữu vẻ ngo&agrave;i bắt mắt khiến người d&ugrave;ng b&igrave;nh thường rất dễ bị đ&aacute;nh lừa.</p>\r\n\r\n<p>Nếu giao dịch được thực hiện tr&ecirc;n mạng, bạn n&ecirc;n kiểm tra bằng c&aacute;ch gọi ngay cho người b&aacute;n v&agrave; y&ecirc;u cầu h&igrave;nh ảnh, video quay giao diện điện thoại ngay l&uacute;c ấy. Cũng đừng ngại ngần hỏi xem những h&igrave;nh ảnh về vết nứt, trầy xước của thiết bị.</p>\r\n\r\n<p>Phần mềm tr&ecirc;n smartphone giả thường rất tệ, đặc biệt c&aacute;c giao diện, biểu tượng ứng dụng thường kh&ocirc;ng khớp với thương hiệu. Người d&ugrave;ng c&oacute; thể kiểm tra smartphone mới bằng c&aacute;ch xem video đ&aacute;nh gi&aacute; tr&ecirc;n mạng x&atilde; hội. Cố gắng nhận biết tr&igrave;nh khởi chạy, icon, t&iacute;nh năng v&agrave; c&aacute;c ứng dụng được c&agrave;i đặt sẵn.</p>\r\n\r\n<table align=\"center\">\r\n	<tbody>\r\n		<tr>\r\n			<td>\r\n			<p><img alt=\"Cach tranh bi lua mua phai smartphone dom hinh anh 2\" src=\"https://znews-photo-td.zadn.vn/w660/Uploaded/lce_uxlcq/2018_07_06/RealvsFakeGalaxyS9.jpg\" style=\"height:346px; width:560px\" /></p>\r\n			</td>\r\n		</tr>\r\n		<tr>\r\n			<td>Với người d&ugrave;ng b&igrave;nh thường, kh&oacute; c&oacute; thể nhận ra chiếc Galaxy S9 b&ecirc;n phải l&agrave; h&agrave;ng nh&aacute;i. Ảnh: <em>Androidauthority.</em></td>\r\n		</tr>\r\n	</tbody>\r\n</table>\r\n\r\n<h3>Sử dụng thử thiết bị</h3>\r\n\r\n<p>Mặc d&ugrave; kh&ocirc;ng phải l&uacute;c n&agrave;o điều n&agrave;y cũng được đồng &yacute;, người mua n&ecirc;n cố gắng soi thiết bị trước khi giao tiền. C&aacute;ch n&agrave;y r&otilde; r&agrave;ng gi&uacute;p cho việc kiểm tra phần cứng cũng như phần mềm được bảo đảm.</p>\r\n\r\n<p>Một chiếc di động nh&aacute;i sẽ chỉ to&agrave;n c&aacute;c phần cứng k&eacute;m chất lượng, như camera &quot;dỏm&quot;, kh&ocirc;ng c&oacute; kết nối NFC hoặc cảm ứng v&acirc;n tay. Ngo&agrave;i ra, đảm bảo Wi-Fi, Bluetooth, GPS hay bất kỳ chức năng n&agrave;o kh&aacute;c vẫn c&ograve;n hoạt động tốt. Bạn n&ecirc;n kết nối với một thiết bị hoặc mạng kh&aacute;c, v&agrave; nếu được, thử lu&ocirc;n cả cảm biến v&acirc;n tay trước khi mua.</p>\r\n\r\n<p>Kiểm tra cả camera trước v&agrave; sau, chắc chắn rằng camera của m&aacute;y c&oacute; đầy đủ những t&iacute;nh năng được x&aacute;c nhận từ nh&agrave; sản xuất như ống k&iacute;nh g&oacute;c rộng, khả năng zoom...Cuối c&ugrave;ng, chụp thử một tấm h&igrave;nh v&agrave; kiểm tra độ nhiễu hạt. Người d&ugrave;ng cũng c&oacute; thể kiểm tra th&ocirc;ng số n&agrave;y bằng c&aacute;ch v&agrave;o phần th&ocirc;ng tin trong thư viện ảnh hoặc Google Photo. Một module camera k&eacute;m chất lượng rất dễ để nhận ra th&ocirc;ng qua h&igrave;nh ảnh, ngay cả khi xem tr&ecirc;n smartphone.</p>\r\n\r\n<h3>Chạy phần mềm kiểm tra chip xử l&yacute;</h3>\r\n\r\n<p>C&oacute; thể n&oacute;i, bộ xử l&yacute; l&agrave; yếu tố lớn nhất quyết định trải nghiệm của người d&ugrave;ng. Một chiếc smartphone nh&aacute;i, giả chắc chắn kh&ocirc;ng thể được trang bị vi xử l&yacute; tốt.</p>\r\n\r\n<table align=\"center\">\r\n	<tbody>\r\n		<tr>\r\n			<td>\r\n			<p><img alt=\"Cach tranh bi lua mua phai smartphone dom hinh anh 3\" src=\"https://znews-photo-td.zadn.vn/w660/Uploaded/lce_uxlcq/2018_07_06/CPUZKirin970.jpg\" style=\"height:344px; width:560px\" /></p>\r\n			</td>\r\n		</tr>\r\n		<tr>\r\n			<td>Ứng dụng CPU-Z tr&ecirc;n Play Store gi&uacute;p người d&ugrave;ng kiểm tra c&aacute;c th&ocirc;ng số của thiết bị. Ảnh: <em>Androidauthority.</em></td>\r\n		</tr>\r\n	</tbody>\r\n</table>\r\n\r\n<p>Bạn kh&ocirc;ng cần phải th&aacute;o điện thoại ra để kiểm tra th&agrave;nh phần n&agrave;y. H&atilde;y tải ứng dụng CPU-Z từ cửa h&agrave;ng Play Store, ứng dụng n&agrave;y sẽ cung cấp một bản t&oacute;m tắt th&ocirc;ng tin phần mềm chiếc smartphone đ&oacute;, kể cả CPU v&agrave; GPU.</p>\r\n\r\n<p>Lưu &yacute;, nhiều smartphone giả hiện c&agrave;i sẵn phi&ecirc;n bản giả mạo của CPU-Z, khiến n&oacute; lu&ocirc;n hiển thị th&ocirc;ng số như h&agrave;ng thật. H&atilde;y xo&aacute; ứng dụng CPU-Z c&oacute; sẵn v&agrave; tải về từ kho ứng dụng để kiểm tra.</p>\r\n\r\n<h3>Kiểm tra số IMEI</h3>\r\n\r\n<p>Tất cả c&aacute;c c&aacute;ch tr&ecirc;n sẽ gi&uacute;p bạn nhận biết một chiếc smartphone giả, nhưng chỉ với kiểm tra bằng IMEI, người d&ugrave;ng mới biết được đ&acirc;y c&oacute; phải l&agrave; sản phẩm ch&iacute;nh h&atilde;ng hay kh&ocirc;ng.</p>\r\n\r\n<p>Số IMEI (International Mobile Equipment Identifi) l&agrave; m&atilde; số nhận dạng thiết bị quốc tế. Mỗi thiết bị di động đều được cấp m&atilde; số IMEI gồm 15 chữ số, v&agrave; bạn c&oacute; thể t&igrave;m d&atilde;y số n&agrave;y trong phần Giới thiệu ở C&agrave;i Đặt, hoặc bấm gọi *#06#. Ngo&agrave;i ra, cũng c&oacute; thể t&igrave;m thấy m&atilde; số n&agrave;y trong bao b&igrave;, nhưng với những giao dịch kh&ocirc;ng r&otilde; r&agrave;ng, rất kh&oacute; để c&oacute; được bao b&igrave; gốc.</p>\r\n\r\n<p>Kế đến, g&otilde; số IMEI v&agrave;o phần kiểm tra tr&ecirc;n trang imei.info để biết t&igrave;nh trạng thiết bị hiện tại. Đ&acirc;y cũng l&agrave; c&aacute;ch để bạn kiểm tra m&aacute;y c&oacute; bị kh&oacute;a với bất kỳ nh&agrave; mạng n&agrave;o hay kh&ocirc;ng.</p>\r\n', '2018-07-13 06:40:13', 1, 'HinhAnh-1531464013.jpg', 2, 1, 109),
(8, 'Ai được hưởng lợi nhiều nhất từ thực tế ảo? Chính là ngành công nghiệp phim khiêu dâm ', 'Naughty America, một trong những cái tên \"chăm chỉ\" nhất thế giới trong việc sản xuất nội dung thực tế ảo (VR) đang trở thành người đi tiên phong của cuộc đua quan trọng nhất ngành công nghệ trong tươ', '<p>Tất nhi&ecirc;n, &ocirc;ng Johnson, cũng như người tr&ocirc;ng trẻ kia, l&agrave; c&aacute;c nh&acirc;n vật trong một bộ phim người lớn, v&agrave; diễn vi&ecirc;n đ&oacute;ng vai &ocirc;ng kh&ocirc;ng c&oacute; một lời thoại n&agrave;o cả. Kh&aacute;n giả sẽ kh&ocirc;ng bao giờ nghe thấy giọng của &ocirc;ng hay nh&igrave;n thấy mặt &ocirc;ng, mặc d&ugrave; &ocirc;ng c&oacute; vai tr&ograve; rất lớn trong bộ phim. Đ&acirc;y ch&iacute;nh l&agrave; phim khi&ecirc;u d&acirc;m thực tế ảo, v&agrave; mọi cảnh quay đều l&agrave; g&oacute;c nh&igrave;n của người diễn vi&ecirc;n n&agrave;y.</p>\r\n\r\n<p>Như đ&atilde; được dự kiến từ trước, phim khi&ecirc;u d&acirc;m đ&atilde; trở th&agrave;nh một trong những ng&agrave;nh c&ocirc;ng nghiệp đầu ti&ecirc;n thực sự hưởng lợi từ VR, v&agrave; những c&ocirc;ng ty giải tr&iacute; người lớn như Naughty America &ndash; nh&agrave; sản xuất v&agrave; ph&acirc;n phối của bộ phim tr&ecirc;n &ndash; l&agrave; những người đi ti&ecirc;n phong. Trong v&ograve;ng 18 th&aacute;ng kể từ video VR đầu ti&ecirc;n của m&igrave;nh, studio c&oacute; trụ sở tại San Diego đ&atilde; cho ra mắt th&ecirc;m 108 bộ phim nữa, biến họ th&agrave;nh một trong những nh&agrave; sản xuất &quot;chăm chỉ&quot; nhất thế giới trong lĩnh vực n&agrave;y. Trong năm 2017, c&ocirc;ng ty đ&atilde; mở một quầy trưng b&agrave;y tại Hội chợ Điện tử Ti&ecirc;u d&ugrave;ng (CES) h&agrave;ng năm, trở th&agrave;nh doanh nghiệp giải tr&iacute; người lớn đầu ti&ecirc;n được ph&eacute;p triển l&atilde;m trong suốt 19 năm qua.</p>\r\n\r\n<p><em>&quot;Kh&aacute;ch h&agrave;ng của ch&uacute;ng t&ocirc;i đ&atilde; đ&oacute;n nhận VR một c&aacute;ch t&iacute;ch cực&quot;,</em> Andreas Hronopoulos, CEO của La Touraine, c&ocirc;ng ty mẹ của Naughty America cho biết. <em>&quot;N&oacute; c&oacute; một c&aacute;i g&igrave; đ&oacute; v&ocirc; c&ugrave;ng cuốn h&uacute;t, kh&ocirc;ng hề c&oacute; thứ g&igrave; giống như vậy cả&quot;.</em></p>\r\n\r\n<p>Đ&acirc;y l&agrave; điều kh&ocirc;ng mấy g&acirc;y ngạc nhi&ecirc;n. Sau khi c&aacute;c nội dung giải tr&iacute; người lớn khiến cho những ph&aacute;t minh như băng VHS, Blu-ray v&agrave; stream trực tuyến trở n&ecirc;n phổ biến, &yacute; tưởng rằng ng&agrave;nh c&ocirc;ng nghiệp phim khi&ecirc;u d&acirc;m đ&atilde; gi&uacute;p th&uacute;c đẩy sự ph&aacute;t triển của kỹ thuật số đ&atilde; trở th&agrave;nh một sự thật được thừa nhận rộng r&atilde;i.</p>\r\n\r\n<p>Tuy nhi&ecirc;n, điều đ&aacute;ng ngạc nhi&ecirc;n l&agrave; c&aacute;ch m&agrave; phim khi&ecirc;u d&acirc;m VR trở n&ecirc;n lớn mạnh một c&aacute;ch nhanh ch&oacute;ng như ng&agrave;y nay. Theo ước t&iacute;nh của SuperData, trong năm 2016, Samsung, HTC, Google, Sony v&agrave; Oculus chỉ b&aacute;n được 6,1 triệu k&iacute;nh thực tế ảo tr&ecirc;n to&agrave;n thế giới. Chỉ trong th&aacute;ng 12/2016, c&aacute;c kh&aacute;ch h&agrave;ng của Naughty America đ&atilde; tải xuống hơn 20 triệu video VR.</p>\r\n\r\n<p>Hơn nữa, người ti&ecirc;u d&ugrave;ng phim khi&ecirc;u d&acirc;m VR cũng h&agrave;o ph&oacute;ng hơn, sẵn s&agrave;ng chi tiền hơn so với những người ti&ecirc;u d&ugrave;ng th&ocirc;ng thường. C&ocirc;ng ty cho biết, cứ 167 người truy cập v&agrave;o trang VR của Naughty America th&igrave; c&oacute; 1 người sẽ trở th&agrave;nh người d&ugrave;ng trả ph&iacute;, so với tỷ lệ 1/1.500 của c&aacute;c trang th&ocirc;ng thường. Số lượng người d&ugrave;ng trả ph&iacute; của Naughty America cũng đ&atilde; tăng tới 55% trong năm 2016, năm đầu ti&ecirc;n họ bắt đầu cung cấp những nội dung VR; kh&aacute;ch h&agrave;ng sẽ trả 25 USD/th&aacute;ng (gần 600.000 đồng) hoặc 74 USD/năm (hơn 1,7 triệu đồng) để c&oacute; thể truy cập v&agrave;o to&agrave;n bộ nội dung của trang web. Trong 18 th&aacute;ng kể từ video VR đầu ti&ecirc;n, lợi nhuận của Naughty America đ&atilde; tăng hơn 40%, lợi nhuận t&iacute;nh ri&ecirc;ng mảng VR l&agrave; 433%.</p>\r\n\r\n<p><em>&quot;Ch&uacute;ng t&ocirc;i lu&ocirc;n cố gắng để trở th&agrave;nh người đi đầu&quot;</em>, Ian Paul, CIO của c&ocirc;ng ty cho biết. <em>&quot;Thực tế ảo đ&atilde; lu&ocirc;n ở trong tầm ngắm của ch&uacute;ng t&ocirc;i trong suốt một thời gian d&agrave;i, nhưng n&oacute; chỉ dừng lại ở những &yacute; tưởng &lsquo;nếu m&agrave; ch&uacute;ng ta l&agrave;m được th&igrave;&hellip;&#39;&quot;</em> Chỉ khi Oculus bắt đầu được g&oacute;p vốn tr&ecirc;n Kickstarter trong năm 2012, Naughty America mới thực sự nghi&ecirc;m t&uacute;c nghi&ecirc;n cứu c&ocirc;ng nghệ n&agrave;y.</p>\r\n\r\n<p>Do chỉ c&oacute; một số &iacute;t nh&agrave; sản xuất đ&atilde; từng l&agrave;m video VR trước đ&oacute;, c&ocirc;ng ty đ&atilde; phải tự t&igrave;m c&aacute;ch l&agrave;m ra quy tr&igrave;nh sản xuất của ri&ecirc;ng m&igrave;nh. <em>&quot;N&oacute; cần rất nhiều sự thử nghiệm, rất nhiều khoản đầu tư v&agrave;o nghi&ecirc;n cứu v&agrave; ph&aacute;t triển, về cơ bản l&agrave; mua mọi dụng cụ c&oacute; tr&ecirc;n thị trường v&agrave; thử từng c&aacute;i một&quot;,</em> Paul chia sẻ. <em>&quot;Một trong những vấn đề cơ bản nhất m&agrave; ch&uacute;ng t&ocirc;i phải đối mặt l&agrave; nơi đặt camera &ndash; ban đầu ch&uacute;ng t&ocirc;i đặt qu&aacute; cao, v&agrave; n&oacute; tr&ocirc;ng thật kỳ cục&quot;.</em></p>\r\n\r\n<p>C&ocirc;ng ty cho biết quy tr&igrave;nh ch&iacute;nh x&aacute;c của họ l&agrave; độc quyền, nhưng n&oacute; dựa tr&ecirc;n c&aacute;ch m&agrave; nhiều nh&agrave; sản xuất kh&aacute;c từng sử dụng: Hai camera kỹ thuật số được đặt cạnh nhau để cho g&oacute;c nh&igrave;n giống như nh&igrave;n qua ống nh&oacute;m. Sau đ&oacute;, kh&acirc;u hậu kỳ sẽ gộp hai video ấy v&agrave;o l&agrave;m một sao cho giống như mắt tr&aacute;i v&agrave; mắt phải của con người. Khi xem qua k&iacute;nh VR, những h&igrave;nh ảnh sẽ kết hợp lại v&agrave; tạo th&agrave;nh một ảnh 3 chiều.</p>\r\n\r\n<p>Naughty America tung ra bộ phim VR đầu ti&ecirc;n của m&igrave;nh, &quot;Birthday Surprise&quot; v&agrave;o th&aacute;ng 7/2015. <em>&quot;Ch&uacute;ng t&ocirc;i đ&atilde; đi được một đoạn đường rất d&agrave;i trong một khoảng thời gian rất ngắn&quot;, </em>Paul n&oacute;i th&ecirc;m. <em>&quot;T&ocirc;i nghĩ rằng c&oacute; lẽ rất nhiều c&ocirc;ng ty kh&aacute;c cũng đang l&agrave;m được điều tương tự&quot;.</em></p>\r\n\r\n<p>Naughty America, tất nhi&ecirc;n, kh&ocirc;ng phải l&agrave; nh&agrave; sản xuất duy nhất của ng&agrave;nh c&ocirc;ng nghiệp. G&atilde; khổng lồ Pornhub đ&atilde; k&yacute; hợp đồng với Rochester, một c&ocirc;ng ty chuy&ecirc;n sản xuất phim khi&ecirc;u d&acirc;m VR c&oacute; trụ sở tại New York. C&aacute;c c&ocirc;ng ty kh&aacute;c quy m&ocirc; nhỏ hơn cũng đang c&oacute; những c&aacute;ch ri&ecirc;ng để theo kịp với thời thế.</p>\r\n\r\n<p><img alt=\"\" src=\"https://vnreview.vn/image/18/25/98/1825984.jpg?t=1531469828045\" style=\"height:404px; width:720px\" /></p>\r\n\r\n<p>Một trong những doanh nghiệp nhỏ đ&aacute;ng gờm nhất trong ng&agrave;nh c&ocirc;ng nghiệp l&agrave; của Ela Darling, một doanh nh&acirc;n sản xuất v&agrave; thậm ch&iacute; từng đ&oacute;ng vai ch&iacute;nh trong c&aacute;c bộ phim của m&igrave;nh cho c&ocirc;ng ty VRTube.xxx. Đối với Darling, người từng l&agrave; diễn vi&ecirc;n phim khi&ecirc;u d&acirc;m, thực tế ảo mang đến cơ hội để người xem cảm thấy họ mới l&agrave; diễn vi&ecirc;n ch&iacute;nh của bộ phim, tạo ra những mối li&ecirc;n kết thực sự - tất nhi&ecirc;n l&agrave; về mặt t&acirc;m l&yacute;.</p>\r\n\r\n<p>Đối với hầu hết c&aacute;c doanh nghiệp phim khi&ecirc;u d&acirc;m, một thứ rất hấp dẫn kh&aacute;c nữa ch&iacute;nh l&agrave; tiền. Theo ng&acirc;n h&agrave;ng đầu tư Piper Jaffray, phim khi&ecirc;u d&acirc;m VR sẽ trở th&agrave;nh ng&agrave;nh c&ocirc;ng nghiệp trị gi&aacute; 1 tỷ USD v&agrave;o năm 2020. Hơn nữa, những nội dung VR sẽ kh&oacute; c&oacute; thể bị xem lậu hơn, v&igrave; người xem cần phải tải ch&uacute;ng về v&agrave; xem bằng phần cứng chuy&ecirc;n dụng.</p>\r\n\r\n<p>Trong khi đa số c&aacute;c c&ocirc;ng ty phim khi&ecirc;u d&acirc;m lo lắng về việc nội dung của họ bị c&aacute;c trang kh&aacute;c lấy về v&agrave; t&aacute;i ph&acirc;n phối, vấn đề lớn nhất m&agrave; c&aacute;c nh&agrave; sản xuất đang phải đối mặt ch&iacute;nh l&agrave; c&oacute; qu&aacute; &iacute;t đối t&aacute;c sẵn s&agrave;ng ph&acirc;n phối ch&uacute;ng. Phần lớn c&aacute;c nội dung VR đều được b&aacute;n trực tiếp th&ocirc;ng qua c&ocirc;ng ty sản xuất phần cứng VR đ&oacute;; v&iacute; dụ, nếu một người ti&ecirc;u d&ugrave;ng sở hữu k&iacute;nh PlayStation VR của Sony, họ chỉ c&oacute; thể mua c&aacute;c nội dung c&oacute; tr&ecirc;n PlayStation Store. Kh&ocirc;ng c&oacute; dịch vụ ph&acirc;n phối nội dung kỹ thuật số lớn n&agrave;o cho ph&eacute;p c&aacute;c nội dung khi&ecirc;u d&acirc;m xuất hiện tr&ecirc;n nền tảng của họ. Người d&ugrave;ng của Naughty America phải truy cập v&agrave;o c&aacute;c bộ phim th&ocirc;ng qua tr&igrave;nh duyệt web, khiến chất lượng bị giảm xuống, hoặc tải về m&aacute;y t&iacute;nh/điện thoại của họ v&agrave; sao ch&eacute;p v&agrave;o một tr&igrave;nh ph&aacute;t video VR để c&oacute; thể xem.</p>\r\n\r\n<p><em>&quot;Rất nhiều c&ocirc;ng ty lớn cảm thấy lo sợ khi &lsquo;d&iacute;nh l&iacute;u&#39; v&agrave;o phim khi&ecirc;u d&acirc;m&quot;,</em> Paul chia sẻ. <em>&quot;Tất nhi&ecirc;n, những mối lo về việc trẻ em truy cập v&agrave;o nội dung l&agrave; hợp l&yacute;, nhưng ch&uacute;ng t&ocirc;i đ&atilde; cung cấp dịch vụ của m&igrave;nh th&ocirc;ng qua c&aacute;c hệ thống truyền h&igrave;nh c&aacute;p trả ph&iacute; trong nhiều năm, n&ecirc;n r&otilde; r&agrave;ng đ&oacute; kh&ocirc;ng phải l&agrave; vấn đề kh&ocirc;ng c&oacute; c&aacute;ch giải quyết. C&oacute; c&aacute;ch để bạn x&aacute;c minh v&agrave; tr&aacute;nh điều đ&oacute; xảy ra. T&ocirc;i nghĩ một trong những l&yacute; do quan trọng nhất l&agrave; ch&iacute;nh trị&quot;.</em></p>\r\n\r\n<p>Tất nhi&ecirc;n, sẽ c&oacute; những phần thưởng &quot;hậu hĩnh&quot; cho những nền tảng nội dung lớn nếu như họ mở c&aacute;nh cửa của m&igrave;nh. Băng VHS đ&atilde; trở n&ecirc;n vượt trội so với Betamax một phần v&igrave; Sony kh&ocirc;ng cấp ph&eacute;p c&ocirc;ng nghệ Betamax cho c&aacute;c c&ocirc;ng ty phim khi&ecirc;u d&acirc;m. Nếu Oculus, HTC, Samsung hay Sony trở th&agrave;nh người đầu ti&ecirc;n cho ph&eacute;p nội dung người lớn tr&ecirc;n nền tảng của m&igrave;nh, đ&oacute; sẽ c&oacute; thể l&agrave; điểm nhấn gi&uacute;p họ cạnh tranh tr&ecirc;n thị trường. <em>&quot;Nếu bạn nh&igrave;n v&agrave;o lịch sử của c&ocirc;ng nghệ, bất kỳ l&uacute;c n&agrave;o, bất kỳ ai d&aacute;m chống lại phim khi&ecirc;u d&acirc;m đều thua&quot;,</em> Paul kết luận. <em>&quot;Tất nhi&ecirc;n ch&uacute;ng t&ocirc;i muốn thế giới đ&oacute;n nhận c&agrave;ng sớm c&agrave;ng tốt, v&igrave; đ&oacute; l&agrave; việc kinh doanh của ch&uacute;ng t&ocirc;i. Nhưng n&oacute; chắc chắn sẽ xảy ra, n&oacute; chỉ c&ograve;n l&agrave; vấn đề thời gian m&agrave; th&ocirc;i&quot;.</em></p>\r\n', '2018-07-13 17:01:40', 8, 'HinhAnh-1531501300.jpg', 11, 1, 37);
INSERT INTO `news` (`news_id`, `name`, `preview`, `detail`, `date_create`, `user_id`, `picture`, `cat_id`, `is_slide`, `counter`) VALUES
(9, 'Đánh giá nhanh Samsung QLED 55 inch Q7F 2018', 'QLED Q7F 2018 là bản kế nhiệm mới của dòng tivi QLED Q7F 2017 với một số nâng cấp về thiết kế, chất lượng hình ảnh, hiệu năng và phần mềm.', '<p><strong>QLED Q7F 2018 l&agrave; bản kế nhiệm mới của d&ograve;ng tivi QLED Q7F 2017 với một số n&acirc;ng cấp về thiết kế, chất lượng h&igrave;nh ảnh, hiệu năng v&agrave; phần mềm.</strong></p>\r\n\r\n<p>Samsung năm nay tung ra thị trường 4 d&ograve;ng sản phẩm tivi QLED gồm Q9F, Q8F, Q7F v&agrave; Q6F. So với năm ngo&aacute;i, c&aacute;c tivi QLED 2018 c&oacute; th&ecirc;m d&ograve;ng mới l&agrave; Q6F. Trong 4 d&ograve;ng sản phẩm QLED tr&ecirc;n th&igrave; Q9F l&agrave; d&ograve;ng cao cấp nhất, tiếp đến l&agrave; d&ograve;ng Q8F rồi đến Q7F v&agrave; cuối c&ugrave;ng l&agrave; Q6F. Mỗi d&ograve;ng đều c&oacute; nhiều lựa chọn k&iacute;ch cỡ kh&aacute;c nhau v&agrave; c&oacute; sự kh&aacute;c biệt ở một số t&iacute;nh năng c&ocirc;ng nghệ cũng như gi&aacute; b&aacute;n.</p>\r\n\r\n<p>Chiếc Q7F trong b&agrave;i đ&aacute;nh gi&aacute; của VnReview h&ocirc;m nay l&agrave; phi&ecirc;n bản c&oacute; k&iacute;ch cỡ 55 inch với gi&aacute; c&ocirc;ng bố l&agrave; 54,9 triệu đồng. Ngo&agrave;i k&iacute;ch cỡ n&agrave;y, d&ograve;ng Q7F 2018 c&ograve;n c&oacute; 2 k&iacute;ch cỡ lớn hơn l&agrave; 65 inch (78,9 triệu đồng) v&agrave; 75 inch (125,5 triệu đồng).</p>\r\n\r\n<p><strong>Thiết kế v&agrave; kết nối</strong></p>\r\n\r\n<p>Về tổng thể, thiết kế của QLED Q7F 2018 kh&ocirc;ng thay đổi nhiều so với năm ngo&aacute;i. Đ&acirc;y vẫn l&agrave; tivi m&agrave;n h&igrave;nh phẳng, c&aacute;c chi tiết ở mặt trước v&agrave; mặt sau được thiết kế tối giản. Điểm mới trong thiết kế năm nay l&agrave; chiếc hộp kết nối được Samsung gọi l&agrave; One Connect đi k&egrave;m theo tivi c&oacute; k&iacute;ch cỡ lớn hơn thế hệ cũ do chứa th&ecirc;m phần nguồn v&agrave; sợi c&aacute;p (được gọi l&agrave; One Invisible Connection) nối hộp kết nối với TV chỉ c&ograve;n một sợi duy nhất, kh&ocirc;ng cần th&ecirc;m sợi nguồn ri&ecirc;ng như thế hệ cũ.</p>\r\n\r\n<p>Sợi c&aacute;p n&agrave;y c&oacute; chiều d&agrave;i 5 m&eacute;t (v&agrave; c&oacute; thể mua th&ecirc;m sợi d&agrave;i tới 15 m&eacute;t nếu c&oacute; nhu cầu), vỏ bằng teflon c&oacute; khả năng dẫn điện v&agrave; phần l&otilde;i được cấu tạo từ c&aacute;p quang để truyền t&iacute;n hiệu h&igrave;nh ảnh/&acirc;m thanh. Điều n&agrave;y gi&uacute;p cho việc đi d&acirc;y giữa TV với hộp kết nối gọn g&agrave;ng hơn.</p>\r\n\r\n<p><img alt=\"\" src=\"https://vnreview.vn/image/18/08/93/1808938.jpg?t=1527497488494\" style=\"height:480px; width:720px\" /></p>\r\n\r\n<p><em>Sợi c&aacute;p vừa truyền dữ liệu (l&otilde;i c&aacute;p quang) vừa cấp nguồn điện (tr&ecirc;n lớp vỏ bằng teflon)&nbsp;</em></p>\r\n\r\n<p>Chiếc hộp One Connect l&agrave; &yacute; tưởng th&uacute; vị của Samsung, đưa tất cả c&aacute;c nguồn đầu v&agrave;o ra khỏi TV tạo điều kiện cho việc thiết kế tivi trở n&ecirc;n mỏng hơn. Hộp One Connect n&agrave;y cung cấp nhiều cổng kết nối gồm 3 cổng USB, 4 cổng HDMI, cổng mạng LAN, cổng &acirc;m thanh Optical, cổng h&igrave;nh ảnh/&acirc;m thanh Component, cổng ANT cắm ăng ten, d&acirc;y truyền h&igrave;nh c&aacute;p, 1 cổng Service để phục vụ c&ocirc;ng t&aacute;c bảo tr&igrave;, bảo h&agrave;nh&hellip;</p>\r\n\r\n<p><img alt=\"\" src=\"https://vnreview.vn/image/18/08/90/1808905.jpg?t=1527497717760\" style=\"height:459px; width:720px\" /></p>\r\n\r\n<p><em>Tivi c&oacute; viền rất mảnh</em></p>\r\n\r\n<p>Ở mặt trước, viền tivi rất mỏng (9mm) với kiểu thiết kế tr&agrave;n viền v&agrave; khung kim loại được xử l&yacute; mịn, tr&ocirc;ng đẹp mắt. Mặt sau sử dụng chất liệu nhựa nh&aacute;m nhưng vẫn đảm bảo độ cứng c&aacute;p, chắc chắn, kh&ocirc;ng hề ọp ẹp kể cả khi ấn mạnh. Mặt sau của tivi c&oacute; thiết kế đơn giản do kh&ocirc;ng phải quản l&yacute; c&aacute;c cổng nối đầu v&agrave;o ra cho tivi.</p>\r\n\r\n<p><img alt=\"\" src=\"https://vnreview.vn/image/18/08/76/1808764.jpg?t=1527497099801\" style=\"height:480px; width:720px\" /></p>\r\n\r\n<p><em>Mặt lưng bằng nhựa nh&aacute;m</em></p>\r\n\r\n<p>Ch&acirc;n đế h&igrave;nh chữ T tr&ecirc;n phi&ecirc;n bản QLED Q7F mỏng v&agrave; gọn hơn thế hệ cũ một ch&uacute;t. Ch&acirc;n đế được thiết kế liền khối bằng kim loại chắc chắn, trọng lượng kh&aacute; nặng v&agrave; tạo được cảm nhận vững ch&atilde;i. Ngo&agrave;i ch&acirc;n đế chữ T đi k&egrave;m, bạn cũng c&oacute; thể treo tivi l&ecirc;n tường hoặc sử dụng 2 kiểu ch&acirc;n đế kh&aacute;c: ch&acirc;n đế chịu lực v&agrave; ch&acirc;n đế khung tranh.</p>\r\n\r\n<p><img alt=\"\" src=\"https://vnreview.vn/image/18/09/13/1809130.jpg?t=1527569595562\" style=\"height:444px; width:720px\" /></p>\r\n\r\n<p><em>Ch&acirc;n đế bằng kim loại liền khối chắc chắn</em></p>\r\n\r\n<p>Chất lượng ho&agrave;n thiện của tivi c&oacute; thể đ&aacute;nh gi&aacute; tốt. Kh&ocirc;ng c&oacute; kẽ hở n&agrave;o tr&ecirc;n tivi, kể cả những m&eacute;p kết nối giữa c&aacute;c th&agrave;nh phần của sản phẩm như ch&acirc;n đế hay c&aacute;c m&eacute;p viền m&agrave;n h&igrave;nh với khung.</p>\r\n\r\n<p><img alt=\"\" src=\"https://vnreview.vn/image/18/16/63/1816636.jpg?t=1528965903116\" style=\"height:480px; width:720px\" /></p>\r\n\r\n<p><em>Điển khiển từ xa quay lại với phong c&aacute;ch đen tuyền truyền thống. Điều khiển n&agrave;y c&oacute; thể điều khiển cả đầu kỹ thuật số, TV Box, d&agrave;n &acirc;m thanh, đầu DVD tương th&iacute;ch.</em></p>\r\n', '2018-07-13 17:27:06', 1, 'HinhAnh-1531502826.jpg', 12, 1, 40),
(10, 'Ngược dòng thời gian: Thay vì toàn phím cảm ứng, chúng ta từng có nhiều điện thoại với bàn phím kỳ dị thế này đây!', 'Trước đây bàn phím từng là một trong những đặc điểm nhận dạng điện thoại, khác hẳn với bàn phím ảo ngày nay. ', '<p>Trong thời đại <a href=\"http://kenh14.vn/smartphone.html\" target=\"_blank\">smartphone</a> ng&agrave;y nay, b&agrave;n ph&iacute;m dường như kh&ocirc;ng c&ograve;n l&agrave; một trong những th&agrave;nh phần quan trọng để l&agrave;m nổi bật điện thoại nữa, nếu th&iacute;ch kiểu n&agrave;y hay kiểu kh&aacute;c, bạn chỉ cần tải c&aacute;c dạng b&agrave;n ph&iacute;m theo &yacute; th&iacute;ch về m&agrave; th&ocirc;i. Tuy nhi&ecirc;n, trước đ&acirc;y khi m&agrave; smartphone vẫn chưa xuất hiện th&igrave; b&agrave;n ph&iacute;m l&agrave; nơi m&agrave; c&aacute;c nh&agrave; sản xuất tha hồ thể hiện sự s&aacute;ng tạo của m&igrave;nh để mang đến n&eacute;t độc đ&aacute;o v&agrave; trải nghiệm th&uacute; vị cho người d&ugrave;ng.</p>\r\n\r\n<p>Dưới đ&acirc;y l&agrave; những chiếc điện thoại c&oacute; b&agrave;n ph&iacute;m độc đ&aacute;o nhất từng xuất hiện, chắc chắn sẽ c&oacute; rất nhiều c&aacute;i t&ecirc;n quen thuộc đấy.</p>\r\n\r\n<p>Đối với b&agrave;n ph&iacute;m QWERTY ảo tr&ecirc;n smartphone, ch&uacute;ng ta kh&ocirc;ng c&ograve;n lạ g&igrave; với việc g&otilde; ph&iacute;m bằng hai ng&oacute;n tay c&aacute;i nữa, tuy nhi&ecirc;n ngay từ năm 2003 khi m&agrave; c&aacute;c b&agrave;n ph&iacute;m T9 (ph&iacute;m số v&agrave; chữ t&iacute;ch hợp chung) c&ograve;n đang chiếm lĩnh thị trường, một số nh&agrave; sản xuất đ&atilde; nghĩ ra c&aacute;ch bố tr&iacute; ph&iacute;m đặc biệt như Siemens với chiếc SX1 v&agrave; Nokia 7600. Thay v&igrave; một cụm ph&iacute;m b&ecirc;n dưới, hai h&atilde;ng n&agrave;y t&aacute;ch cụm T9 ra hai b&ecirc;n với &yacute; tưởng l&agrave; gi&uacute;p người d&ugrave;ng bấm nhanh hơn với hai ng&oacute;n tay.</p>\r\n\r\n<p><a href=\"https://kenh14cdn.com/2018/7/17/photo-1-15318369244371860556342.jpg\" target=\"_blank\"><img alt=\"Ngược dòng thời gian: Thay vì toàn phím cảm ứng, chúng ta từng có nhiều điện thoại với bàn phím kỳ dị thế này đây! - Ảnh 1.\" src=\"https://kenh14cdn.com/2018/7/17/photo-1-15318369244371860556342.jpg\" style=\"width:100%\" /></a></p>\r\n\r\n<p><a href=\"https://kenh14cdn.com/2018/7/17/photo-1-15318369288821580728295.jpg\" target=\"_blank\"><img alt=\"Ngược dòng thời gian: Thay vì toàn phím cảm ứng, chúng ta từng có nhiều điện thoại với bàn phím kỳ dị thế này đây! - Ảnh 2.\" src=\"https://kenh14cdn.com/2018/7/17/photo-1-15318369288821580728295.jpg\" style=\"width:100%\" /></a></p>\r\n\r\n<p>Nokia 7600</p>\r\n\r\n<p>Năm 2001, Nokia ra mắt chiếc 5510 với thiết kế nhấn mạnh v&agrave;o việc hỗ trợ g&otilde; ph&iacute;m. M&aacute;y được trang bị cả một b&agrave;n ph&iacute;m QWERTY nhưng chia th&agrave;nh hai nửa với m&agrave;n h&igrave;nh ở giữa. Nokia 6810 ra mắt năm 2003 c&oacute; thể xem l&agrave; bản n&acirc;ng cấp với thiết kế s&aacute;ng tạo hơn khi c&oacute; b&agrave;n ph&iacute;m QWERTY ẩn dạng gập. B&igrave;nh thường Nokia 6810 tr&ocirc;ng cũng như c&aacute;c điện thoại kh&aacute;c nhưng khi mở b&agrave;n ph&iacute;m T9 ra sẽ trở th&agrave;nh b&agrave;n ph&iacute;m QWERTY rất độc đ&aacute;o.</p>\r\n\r\n<p><a href=\"https://kenh14cdn.com/2018/7/17/photo-2-15318369288831582354630.jpg\" target=\"_blank\"><img alt=\"Ngược dòng thời gian: Thay vì toàn phím cảm ứng, chúng ta từng có nhiều điện thoại với bàn phím kỳ dị thế này đây! - Ảnh 3.\" src=\"https://kenh14cdn.com/2018/7/17/photo-2-15318369288831582354630.jpg\" style=\"width:100%\" /></a></p>\r\n\r\n<p>Nokia 5510</p>\r\n\r\n<p><strong>gif</strong> <em> </em> .</p>\r\n\r\n<p>Nokia 6800</p>\r\n\r\n<p>&Yacute; tưởng b&agrave;n ph&iacute;m QWERTY ẩn tiếp tục được ph&aacute;t triển, năm 2004, Sony Ericsson ra mắt chiếc P910 với c&aacute;ch thiết kế cực độc khi d&ugrave;ng b&agrave;n ph&iacute;m T9 l&agrave;m tấm nền che cho b&agrave;n ph&iacute;m QWERTY ẩn b&ecirc;n dưới, khi cần d&ugrave;ng th&igrave; chỉ cần mở ra như điện thoại nắp gập.</p>\r\n\r\n<p><a href=\"https://kenh14cdn.com/2018/7/17/photo-4-15318369288831339586110.jpg\" target=\"_blank\"><img alt=\"Ngược dòng thời gian: Thay vì toàn phím cảm ứng, chúng ta từng có nhiều điện thoại với bàn phím kỳ dị thế này đây! - Ảnh 5.\" src=\"https://kenh14cdn.com/2018/7/17/photo-4-15318369288831339586110.jpg\" style=\"width:100%\" /></a></p>\r\n\r\n<p>Ngo&agrave;i ra c&ograve;n c&oacute; những sản phẩm c&oacute; b&agrave;n ph&iacute;m QWERTY &ldquo;lai&rdquo; như Sony Ericsson M600, thoạt nh&igrave;n tưởng như m&aacute;y c&oacute; b&agrave;n ph&iacute;m T9, nhưng tr&ecirc;n mỗi ph&iacute; c&oacute; hai k&yacute; tự v&agrave; sắp xếp theo thứ tự của ph&iacute;m QWERTY, một ph&iacute;m c&oacute; hai hướng bấm, bạn c&oacute; thể nhấn v&agrave;o b&ecirc;n tr&aacute;i để ra một chữ v&agrave; v&agrave;o b&ecirc;n phải ph&iacute;m để ra chữ c&ograve;n lại.</p>\r\n\r\n<p><a href=\"https://kenh14cdn.com/2018/7/17/photo-5-15318369288842132273765.jpg\" target=\"_blank\"><img alt=\"Ngược dòng thời gian: Thay vì toàn phím cảm ứng, chúng ta từng có nhiều điện thoại với bàn phím kỳ dị thế này đây! - Ảnh 6.\" src=\"https://kenh14cdn.com/2018/7/17/photo-5-15318369288842132273765.jpg\" style=\"width:100%\" /></a></p>\r\n\r\n<p>B&ecirc;n cạnh hiện đại ho&aacute; với b&agrave;n QWERTY, ch&uacute;ng ta c&ograve;n c&oacute; những chiếc điện thoại muốn đưa người d&ugrave;ng quay về qu&aacute; khứ khi t&iacute;ch hợp kiểu b&agrave;n ph&iacute;m như tr&ecirc;n c&aacute;c điện thoại b&agrave;n quay số ng&agrave;y xưa, điển h&igrave;nh l&agrave; Nokia 3650, Toshiba G450 v&agrave; Samsung Serene. Thế nhưng những kiểu thiết kế n&agrave;y lại kh&ocirc;ng thuận tiện cho người d&ugrave;ng, một số lựa chon thiết kế b&agrave;n ph&iacute;m tệ hại kh&aacute;c c&oacute; thể kể đến Nokia 2300 v&agrave; Nokia 3200 với dạng ph&iacute;m gộp. Hay Nokia &quot;thỏi son&quot; 7280 c&ograve;n kh&ocirc;ng c&oacute; b&agrave;n ph&iacute;m m&agrave; d&ugrave;ng cụm n&uacute;m xoay.</p>\r\n\r\n<p><a href=\"https://kenh14cdn.com/2018/7/17/photo-6-1531836928884950956436.jpg\" target=\"_blank\"><img alt=\"Ngược dòng thời gian: Thay vì toàn phím cảm ứng, chúng ta từng có nhiều điện thoại với bàn phím kỳ dị thế này đây! - Ảnh 7.\" src=\"https://kenh14cdn.com/2018/7/17/photo-6-1531836928884950956436.jpg\" style=\"width:100%\" /></a></p>\r\n\r\n<p>Samsung Serene</p>\r\n\r\n<p><a href=\"https://kenh14cdn.com/2018/7/17/photo-7-1531836928885680518043.jpg\" target=\"_blank\"><img alt=\"Ngược dòng thời gian: Thay vì toàn phím cảm ứng, chúng ta từng có nhiều điện thoại với bàn phím kỳ dị thế này đây! - Ảnh 8.\" src=\"https://kenh14cdn.com/2018/7/17/photo-7-1531836928885680518043.jpg\" style=\"width:100%\" /></a></p>\r\n\r\n<p>Nokia 3200</p>\r\n\r\n<p><a href=\"https://kenh14cdn.com/2018/7/17/photo-8-1531836928885547417554.jpg\" target=\"_blank\"><img alt=\"Ngược dòng thời gian: Thay vì toàn phím cảm ứng, chúng ta từng có nhiều điện thoại với bàn phím kỳ dị thế này đây! - Ảnh 9.\" src=\"https://kenh14cdn.com/2018/7/17/photo-8-1531836928885547417554.jpg\" style=\"width:100%\" /></a></p>\r\n\r\n<p>Nokia 7280</p>\r\n\r\n<p>Motorola ROKR E8 ra mắt năm 2008 với kiểu b&agrave;n ph&iacute;m T9 cảm ứng. Nửa dưới của m&aacute;y l&agrave; một m&agrave;n h&igrave;nh cảm ứng đơn giản d&agrave;nh ri&ecirc;ng cho hiển thị ph&iacute;m, c&oacute; thể thay đổi chức năng tuỳ v&agrave;o nhu cầu sử dụng. V&iacute; dụ như khi bạn nghe nhạc phần m&agrave;n h&igrave;nh n&agrave;y sẽ hiển thị c&aacute;c ph&iacute;m điều khiển v&agrave; khi nhắn tin hay gọi điện sẽ l&agrave; ph&iacute;m T9 th&ocirc;ng thường.</p>\r\n\r\n<p><a href=\"https://kenh14cdn.com/2018/7/17/photo-9-1531836928886446262898.jpg\" target=\"_blank\"><img alt=\"Ngược dòng thời gian: Thay vì toàn phím cảm ứng, chúng ta từng có nhiều điện thoại với bàn phím kỳ dị thế này đây! - Ảnh 10.\" src=\"https://kenh14cdn.com/2018/7/17/photo-9-1531836928886446262898.jpg\" style=\"width:100%\" /></a></p>\r\n\r\n<p>Thậm ch&iacute;, chiếc 3108 của Nokia c&ograve;n c&oacute; cả b&agrave;n ph&iacute;m cảm ứng nhận diện chữ viết tay th&ocirc;ng qua b&uacute;t stylus nữa. Cũng gần giống như P910, b&agrave;n cảm ứng được giấu b&ecirc;n dưới b&agrave;n ph&iacute;m T9 v&agrave; khi cần d&ugrave;ng th&igrave; mở ra.</p>\r\n\r\n<p><a href=\"https://kenh14cdn.com/2018/7/17/photo-10-1531836928887544025863.jpg\" target=\"_blank\"><img alt=\"Ngược dòng thời gian: Thay vì toàn phím cảm ứng, chúng ta từng có nhiều điện thoại với bàn phím kỳ dị thế này đây! - Ảnh 11.\" src=\"https://kenh14cdn.com/2018/7/17/photo-10-1531836928887544025863.jpg\" style=\"width:100%\" /></a></p>\r\n\r\n<p>Ng&agrave;y nay với sự phổ biến của smartphone m&agrave;n h&igrave;nh cảm ứng, đến cả b&agrave;n ph&iacute;m QWERTY vật l&yacute; cũng kh&ocirc;ng trụ nổi, n&oacute;i chi đến b&agrave;n ph&iacute;m T9, thiếu đi b&agrave;n ph&iacute;m, điện thoại mất đi một điểm quan trọng để thể hiện sự s&aacute;ng tạo. Tuy nhi&ecirc;n cũng nhờ đ&oacute; m&agrave; người d&ugrave;ng c&oacute; một trải nghiệm đồng nhất hơn, bạn kh&ocirc;ng phải tốn thời gian l&agrave;m quen với một b&agrave;n ph&iacute;m kỳ lạ n&agrave;o đ&oacute; m&agrave; chỉ cần tải về b&agrave;n ph&iacute;m y&ecirc;u th&iacute;ch mỗi khi đổi điện thoại. C&oacute; lẽ đ&acirc;y l&agrave; một sự hy sinh đ&aacute;ng tiếc nhưng cần thiết.</p>\r\n', '2018-07-17 15:49:04', 10, 'HinhAnh-1531842647.jpg', 3, 1, 92);

-- --------------------------------------------------------

--
-- Cấu trúc bảng cho bảng `rep_comment`
--

CREATE TABLE `rep_comment` (
  `rep_id` int(11) NOT NULL,
  `rep_email` varchar(128) COLLATE utf8_unicode_ci NOT NULL,
  `rep_content` text COLLATE utf8_unicode_ci NOT NULL,
  `rep_date` timestamp NOT NULL DEFAULT CURRENT_TIMESTAMP ON UPDATE CURRENT_TIMESTAMP,
  `comment_id` int(11) NOT NULL
) ENGINE=InnoDB DEFAULT CHARSET=utf8 COLLATE=utf8_unicode_ci;

--
-- Đang đổ dữ liệu cho bảng `rep_comment`
--

INSERT INTO `rep_comment` (`rep_id`, `rep_email`, `rep_content`, `rep_date`, `comment_id`) VALUES
(1, 'vbbbb', 'zzxczx', '2018-07-18 18:03:57', 24),
(2, 'ngungu', 'ahihi', '2018-07-19 04:14:47', 26),
(3, 'ngu vai', 'choi oi', '2018-07-19 04:18:17', 26),
(4, 'oh vay ha', 'the co a', '2018-07-19 04:18:42', 27),
(5, 'sojado', 'ajosdj\nasdjoasjd', '2018-07-19 04:21:02', 27),
(6, 'vai a', 'huhu', '2018-07-19 04:22:39', 27),
(7, 'vi sao khi yeu', 'vi toi la chang ngoosc', '2018-07-19 04:24:11', 27),
(8, '??', 'sao duoc ?', '2018-07-19 04:24:51', 27),
(9, 'vl', 'vl', '2018-07-19 04:24:56', 26),
(10, '?????', '??', '2018-07-19 04:27:20', 27),
(11, 'vvvvv', 'vai ca', '2018-07-19 04:27:41', 27),
(12, 'luon', 'len', '2018-07-19 04:30:01', 29),
(13, 'nao', 'len', '2018-07-19 04:30:05', 29),
(14, 'ascaca', 'sadad', '2018-07-19 04:32:19', 31),
(15, 'isaodjaod', 'hiuhiu', '2018-07-19 04:32:41', 31),
(16, 'zxcxzc', 'cxzcxz', '2018-07-19 04:33:29', 31),
(17, 'tu nhien doc', 'haivl', '2018-07-19 04:33:38', 31),
(18, 'cxzc', 'zxczc', '2018-07-19 04:34:14', 24),
(19, 'huhu', 'hihi', '2018-07-19 04:57:14', 26),
(20, 'xoi', 'vai', '2018-07-19 04:57:30', 27),
(21, 'hiii', 'hiii', '2018-07-19 09:08:09', 25),
(22, 'chaoban@gmail.com', 'chào bạn', '2018-07-19 17:26:50', 33);

-- --------------------------------------------------------

--
-- Cấu trúc bảng cho bảng `slide`
--

CREATE TABLE `slide` (
  `slide_id` int(11) NOT NULL,
  `picture` varchar(128) COLLATE utf8_unicode_ci NOT NULL,
  `news_id` int(11) NOT NULL
) ENGINE=InnoDB DEFAULT CHARSET=utf8 COLLATE=utf8_unicode_ci;

--
-- Đang đổ dữ liệu cho bảng `slide`
--

INSERT INTO `slide` (`slide_id`, `picture`, `news_id`) VALUES
(1, 'HinhAnh-1531464442.png', 5),
(2, 'HinhAnh-1531756740.jpg', 4),
(3, 'HinhAnh-1531756753.jpg', 3),
(4, 'HinhAnh-1531820932.jpg', 1);

-- --------------------------------------------------------

--
-- Cấu trúc bảng cho bảng `user`
--

CREATE TABLE `user` (
  `user_id` int(11) NOT NULL,
  `username` varchar(128) COLLATE utf8_unicode_ci NOT NULL,
  `password` varchar(128) COLLATE utf8_unicode_ci NOT NULL,
  `fullname` varchar(128) COLLATE utf8_unicode_ci NOT NULL,
  `avatar` varchar(128) COLLATE utf8_unicode_ci NOT NULL,
  `chucvu` varchar(128) COLLATE utf8_unicode_ci NOT NULL,
  `active` int(11) NOT NULL
) ENGINE=InnoDB DEFAULT CHARSET=utf8 COLLATE=utf8_unicode_ci;

--
-- Đang đổ dữ liệu cho bảng `user`
--

INSERT INTO `user` (`user_id`, `username`, `password`, `fullname`, `avatar`, `chucvu`, `active`) VALUES
(1, 'admin', 'admin', 'Admin', 'HinhAnh-1531136256.jpg', 'admin', 0),
(8, 'quanttn836', '123456', 'Tôn Quân', 'HinhAnh-1531136282.jpg', 'admin', 0),
(10, 'mod', 'mod', 'Anh là mod', 'HinhAnh-1531307560.jpg', 'mod', 0);

--
-- Chỉ mục cho các bảng đã đổ
--

--
-- Chỉ mục cho bảng `cat_list`
--
ALTER TABLE `cat_list`
  ADD PRIMARY KEY (`cat_id`);

--
-- Chỉ mục cho bảng `comment`
--
ALTER TABLE `comment`
  ADD PRIMARY KEY (`comment_id`);

--
-- Chỉ mục cho bảng `contact`
--
ALTER TABLE `contact`
  ADD PRIMARY KEY (`contact_id`);

--
-- Chỉ mục cho bảng `news`
--
ALTER TABLE `news`
  ADD PRIMARY KEY (`news_id`);

--
-- Chỉ mục cho bảng `rep_comment`
--
ALTER TABLE `rep_comment`
  ADD PRIMARY KEY (`rep_id`);

--
-- Chỉ mục cho bảng `slide`
--
ALTER TABLE `slide`
  ADD PRIMARY KEY (`slide_id`);

--
-- Chỉ mục cho bảng `user`
--
ALTER TABLE `user`
  ADD PRIMARY KEY (`user_id`);

--
-- AUTO_INCREMENT cho các bảng đã đổ
--

--
-- AUTO_INCREMENT cho bảng `cat_list`
--
ALTER TABLE `cat_list`
  MODIFY `cat_id` int(11) NOT NULL AUTO_INCREMENT, AUTO_INCREMENT=16;

--
-- AUTO_INCREMENT cho bảng `comment`
--
ALTER TABLE `comment`
  MODIFY `comment_id` int(11) NOT NULL AUTO_INCREMENT, AUTO_INCREMENT=41;

--
-- AUTO_INCREMENT cho bảng `contact`
--
ALTER TABLE `contact`
  MODIFY `contact_id` int(11) NOT NULL AUTO_INCREMENT, AUTO_INCREMENT=3;

--
-- AUTO_INCREMENT cho bảng `news`
--
ALTER TABLE `news`
  MODIFY `news_id` int(11) NOT NULL AUTO_INCREMENT, AUTO_INCREMENT=11;

--
-- AUTO_INCREMENT cho bảng `rep_comment`
--
ALTER TABLE `rep_comment`
  MODIFY `rep_id` int(11) NOT NULL AUTO_INCREMENT, AUTO_INCREMENT=23;

--
-- AUTO_INCREMENT cho bảng `slide`
--
ALTER TABLE `slide`
  MODIFY `slide_id` int(11) NOT NULL AUTO_INCREMENT, AUTO_INCREMENT=5;

--
-- AUTO_INCREMENT cho bảng `user`
--
ALTER TABLE `user`
  MODIFY `user_id` int(11) NOT NULL AUTO_INCREMENT, AUTO_INCREMENT=11;
COMMIT;

/*!40101 SET CHARACTER_SET_CLIENT=@OLD_CHARACTER_SET_CLIENT */;
/*!40101 SET CHARACTER_SET_RESULTS=@OLD_CHARACTER_SET_RESULTS */;
/*!40101 SET COLLATION_CONNECTION=@OLD_COLLATION_CONNECTION */;
